-- phpMyAdmin SQL Dump
-- version 4.8.0.1
-- https://www.phpmyadmin.net/
--
-- Host: 127.0.0.1
-- Generation Time: May 12, 2018 at 06:07 PM
-- Server version: 10.1.32-MariaDB
-- PHP Version: 7.2.5

SET SQL_MODE = "NO_AUTO_VALUE_ON_ZERO";
SET AUTOCOMMIT = 0;
START TRANSACTION;
SET time_zone = "+00:00";


/*!40101 SET @OLD_CHARACTER_SET_CLIENT=@@CHARACTER_SET_CLIENT */;
/*!40101 SET @OLD_CHARACTER_SET_RESULTS=@@CHARACTER_SET_RESULTS */;
/*!40101 SET @OLD_COLLATION_CONNECTION=@@COLLATION_CONNECTION */;
/*!40101 SET NAMES utf8mb4 */;

--
-- Database: `eapi`
--

-- --------------------------------------------------------

--
-- Table structure for table `migrations`
--

CREATE TABLE `migrations` (
  `id` int(10) UNSIGNED NOT NULL,
  `migration` varchar(191) COLLATE utf8mb4_unicode_ci NOT NULL,
  `batch` int(11) NOT NULL
) ENGINE=InnoDB DEFAULT CHARSET=utf8mb4 COLLATE=utf8mb4_unicode_ci;

--
-- Dumping data for table `migrations`
--

INSERT INTO `migrations` (`id`, `migration`, `batch`) VALUES
(1, '2014_10_12_000000_create_users_table', 1),
(2, '2014_10_12_100000_create_password_resets_table', 1),
(3, '2018_05_12_113516_create_products_table', 1),
(4, '2018_05_12_113700_create_reviews_table', 1);

-- --------------------------------------------------------

--
-- Table structure for table `password_resets`
--

CREATE TABLE `password_resets` (
  `email` varchar(191) COLLATE utf8mb4_unicode_ci NOT NULL,
  `token` varchar(191) COLLATE utf8mb4_unicode_ci NOT NULL,
  `created_at` timestamp NULL DEFAULT NULL
) ENGINE=InnoDB DEFAULT CHARSET=utf8mb4 COLLATE=utf8mb4_unicode_ci;

-- --------------------------------------------------------

--
-- Table structure for table `products`
--

CREATE TABLE `products` (
  `id` int(10) UNSIGNED NOT NULL,
  `name` varchar(191) COLLATE utf8mb4_unicode_ci NOT NULL,
  `detail` text COLLATE utf8mb4_unicode_ci NOT NULL,
  `price` double NOT NULL,
  `stock` int(11) NOT NULL,
  `discount` double NOT NULL,
  `created_at` timestamp NULL DEFAULT NULL,
  `updated_at` timestamp NULL DEFAULT NULL
) ENGINE=InnoDB DEFAULT CHARSET=utf8mb4 COLLATE=utf8mb4_unicode_ci;

--
-- Dumping data for table `products`
--

INSERT INTO `products` (`id`, `name`, `detail`, `price`, `stock`, `discount`, `created_at`, `updated_at`) VALUES
(1, 'odio', 'Cupiditate blanditiis eaque sit veritatis vel. Rerum est culpa quas modi ut. Porro est sit velit ut voluptatem minima est assumenda.', 461, 0, 28, '2018-05-12 08:04:29', '2018-05-12 08:04:29'),
(2, 'a', 'Aperiam porro dolor quos minima ea adipisci itaque. Repellendus soluta quibusdam nesciunt in. Animi officia ipsum repudiandae quae quam facere iste sapiente. Dicta similique ut vero voluptatem.', 708, 2, 22, '2018-05-12 08:04:30', '2018-05-12 08:04:30'),
(3, 'illo', 'Est odit corrupti impedit. Et officia id id qui sequi. Tenetur eum et ipsa velit fugiat excepturi nisi. Libero facere delectus et autem natus et.', 925, 2, 17, '2018-05-12 08:04:30', '2018-05-12 08:04:30'),
(4, 'magnam', 'Voluptas accusamus unde consequatur ex eos. Odit aperiam quia ut minima tenetur consectetur unde. Nisi ullam porro ducimus.', 784, 9, 16, '2018-05-12 08:04:30', '2018-05-12 08:04:30'),
(5, 'et', 'Ipsum rerum sed quos cupiditate voluptatem. Aperiam eveniet voluptate quia natus earum excepturi qui beatae. Aliquid aut vero non deleniti.', 559, 1, 22, '2018-05-12 08:04:30', '2018-05-12 08:04:30'),
(6, 'dolorum', 'Qui et doloribus earum. Tempore sint suscipit facilis quam. Exercitationem in facilis voluptatem repudiandae facilis labore et suscipit. Maiores cum nihil magni.', 620, 0, 13, '2018-05-12 08:04:30', '2018-05-12 08:04:30'),
(7, 'magni', 'Aut impedit et voluptates voluptates quo. Ipsum nihil incidunt occaecati dolorum quam neque nulla et.', 721, 4, 25, '2018-05-12 08:04:30', '2018-05-12 08:04:30'),
(8, 'quidem', 'Necessitatibus reiciendis sint fugit et sed. Harum voluptatem ut id aut. Blanditiis quis occaecati id iusto accusamus sint.', 519, 6, 6, '2018-05-12 08:04:30', '2018-05-12 08:04:30'),
(9, 'incidunt', 'Aut quis quis nulla illo sint ea. Saepe debitis accusantium quas quo et dolorem. Aut excepturi fuga et voluptas velit molestiae ut voluptatem. Possimus soluta quasi sed consequatur assumenda nobis a aut.', 465, 1, 27, '2018-05-12 08:04:30', '2018-05-12 08:04:30'),
(10, 'nobis', 'Blanditiis maiores voluptatem numquam incidunt quia sunt. Voluptatibus alias aut et fugiat et enim non. Voluptas id illo amet suscipit reprehenderit cum. Et et totam aperiam quia distinctio debitis.', 177, 3, 17, '2018-05-12 08:04:30', '2018-05-12 08:04:30'),
(11, 'deserunt', 'Vero voluptatem et velit ad. Optio quisquam voluptates quia expedita beatae repellat. Mollitia alias consectetur earum sed aperiam incidunt consequatur magni. Voluptas occaecati eum molestias culpa sint.', 865, 0, 16, '2018-05-12 08:04:30', '2018-05-12 08:04:30'),
(12, 'doloremque', 'Ullam dicta excepturi reiciendis. Perspiciatis nemo inventore quo animi. Est in modi sequi ipsum.', 656, 7, 27, '2018-05-12 08:04:30', '2018-05-12 08:04:30'),
(13, 'et', 'Modi quisquam in distinctio ad. Earum repellendus dignissimos dolorum pariatur pariatur consequatur est et. Modi quod eum optio quis consectetur adipisci modi. Libero dolores veniam itaque aliquam vero odio.', 522, 6, 29, '2018-05-12 08:04:30', '2018-05-12 08:04:30'),
(14, 'quia', 'Et laudantium quia et temporibus voluptas et. Odit qui ut quaerat deserunt dolor sit. Animi voluptatem nesciunt quibusdam atque optio. Deserunt sed ut quia pariatur dignissimos.', 750, 0, 29, '2018-05-12 08:04:30', '2018-05-12 08:04:30'),
(15, 'necessitatibus', 'Aliquid a perferendis voluptatum autem esse architecto eligendi. Suscipit exercitationem quasi dolores fugit. Et soluta vero expedita. Nam error aut voluptatem ut dolor voluptatem.', 446, 9, 26, '2018-05-12 08:04:30', '2018-05-12 08:04:30'),
(16, 'laboriosam', 'Saepe aperiam est blanditiis eum sint. Sit omnis nulla amet. Libero et fuga ratione voluptatem sunt expedita. Corrupti sed ut ut culpa.', 629, 3, 14, '2018-05-12 08:04:30', '2018-05-12 08:04:30'),
(17, 'et', 'Omnis vel enim cupiditate provident neque ipsam omnis. Aut vitae qui quis aliquam aut sapiente. Autem sed suscipit eligendi aut et.', 929, 3, 28, '2018-05-12 08:04:30', '2018-05-12 08:04:30'),
(18, 'asperiores', 'Numquam consequuntur soluta et iure molestias. Dolorum sit non eum voluptatem debitis. Cupiditate reiciendis modi odio aut et consequuntur blanditiis.', 810, 0, 9, '2018-05-12 08:04:30', '2018-05-12 08:04:30'),
(19, 'rem', 'Quibusdam dolores qui qui repellendus ipsa ut. Similique ipsam quo et illo sit assumenda qui. Aut suscipit et quas vel. Sint id debitis quisquam nemo molestiae hic. Laborum in vel ad nihil.', 750, 9, 18, '2018-05-12 08:04:30', '2018-05-12 08:04:30'),
(20, 'porro', 'Dolorem vel maiores cumque fuga rerum ex adipisci voluptatem. Occaecati velit est corrupti veritatis. At magni natus voluptatem eum maiores ab consequuntur. Ea alias fuga magni qui quidem. Voluptatem eum aut non laborum sunt mollitia.', 287, 0, 9, '2018-05-12 08:04:30', '2018-05-12 08:04:30'),
(21, 'facere', 'Eius numquam suscipit ratione et ad aut. Earum quibusdam eaque sit vero aliquam. Suscipit excepturi ad ab voluptatem quod enim sed. Totam incidunt quas rerum quia.', 379, 9, 29, '2018-05-12 08:04:30', '2018-05-12 08:04:30'),
(22, 'accusantium', 'Non distinctio non et amet. Possimus earum atque minus amet. Quo qui adipisci unde harum enim.', 152, 3, 28, '2018-05-12 08:04:30', '2018-05-12 08:04:30'),
(23, 'dolor', 'Consectetur quaerat ex ratione inventore eos. Expedita dolorem voluptatem facilis ad. Et est laborum qui amet. Ab non nulla expedita et consequuntur.', 101, 4, 22, '2018-05-12 08:04:30', '2018-05-12 08:04:30'),
(24, 'quas', 'Ullam minima est incidunt ab porro molestiae fuga. Nisi harum nam repellendus cumque eligendi voluptas. Quis odit labore facere non quam quis aut. Nam facere provident itaque ratione necessitatibus aperiam.', 501, 6, 17, '2018-05-12 08:04:30', '2018-05-12 08:04:30'),
(25, 'quod', 'Fugiat odit ea incidunt est odit. Voluptatem sit perferendis rerum perspiciatis. Et harum hic veritatis vitae rem. Qui iure hic quae ullam incidunt et.', 687, 8, 10, '2018-05-12 08:04:30', '2018-05-12 08:04:30'),
(26, 'voluptatibus', 'Autem maiores qui rerum iusto sunt. Culpa reiciendis debitis occaecati ut. Natus sit ea officia dolorum incidunt et inventore.', 832, 4, 13, '2018-05-12 08:04:30', '2018-05-12 08:04:30'),
(27, 'dignissimos', 'Nostrum est asperiores expedita nesciunt praesentium. Alias sit deserunt voluptas neque vitae enim odio. Enim distinctio quidem reiciendis facere aliquam omnis error.', 530, 3, 28, '2018-05-12 08:04:30', '2018-05-12 08:04:30'),
(28, 'tenetur', 'Facere eveniet quas veniam soluta praesentium. Laboriosam aut sit vitae doloremque. Non repellendus eos quia optio iusto incidunt. Impedit quis voluptatem odit aut libero aut soluta.', 541, 1, 15, '2018-05-12 08:04:30', '2018-05-12 08:04:30'),
(29, 'vel', 'Illum quia amet omnis tempore officiis voluptatibus animi. Natus cum debitis dolorum rerum. Quo corrupti sed voluptas voluptas rerum. Sunt delectus consequatur sed consequatur voluptatem.', 244, 4, 7, '2018-05-12 08:04:31', '2018-05-12 08:04:31'),
(30, 'maxime', 'Occaecati veritatis et iste qui deserunt id. In rerum magni omnis ab. Dolorum et non enim. Quas est quis eos sunt omnis officiis cum.', 951, 7, 20, '2018-05-12 08:04:31', '2018-05-12 08:04:31'),
(31, 'debitis', 'Consequatur pariatur consectetur esse. Deleniti est est qui aut non autem ex. Voluptates impedit possimus explicabo tempora nihil veritatis nam illo.', 291, 3, 15, '2018-05-12 08:04:31', '2018-05-12 08:04:31'),
(32, 'et', 'Molestiae soluta qui corporis necessitatibus a est. Ex facilis nam omnis quod repellendus. Laudantium sed qui totam labore autem et et culpa.', 229, 4, 30, '2018-05-12 08:04:31', '2018-05-12 08:04:31'),
(33, 'neque', 'Perferendis eaque doloribus tempore rem. Doloremque quae qui quos non impedit similique perspiciatis.', 752, 6, 15, '2018-05-12 08:04:31', '2018-05-12 08:04:31'),
(34, 'voluptas', 'Placeat reiciendis temporibus blanditiis eum quas saepe aut. Maiores quas rerum qui blanditiis cupiditate quo. Et delectus dolores explicabo odio. Vel molestias nulla tempora voluptatibus quia temporibus.', 729, 5, 21, '2018-05-12 08:04:31', '2018-05-12 08:04:31'),
(35, 'consequatur', 'Nostrum id exercitationem vel eaque quisquam voluptas aut. Ea non eveniet voluptatem sint. Omnis similique qui voluptas ex.', 118, 6, 25, '2018-05-12 08:04:31', '2018-05-12 08:04:31'),
(36, 'cum', 'Omnis fuga et nemo odit mollitia. Sit quia placeat qui. Consequatur nobis atque perspiciatis vitae repellendus.', 931, 5, 29, '2018-05-12 08:04:31', '2018-05-12 08:04:31'),
(37, 'et', 'Quis ab qui est nemo. Necessitatibus voluptates sunt voluptate reiciendis blanditiis. Enim laborum aut recusandae tenetur voluptas. Placeat est nobis et fugit aliquam.', 664, 0, 6, '2018-05-12 08:04:31', '2018-05-12 08:04:31'),
(38, 'eius', 'A facere vel rerum iusto et repudiandae atque. Doloremque earum distinctio sunt neque impedit. Id expedita et delectus similique quas et laboriosam. Reiciendis et ipsam tenetur voluptatem ducimus ex dolorem.', 742, 9, 19, '2018-05-12 08:04:31', '2018-05-12 08:04:31'),
(39, 'dolore', 'Officia minus similique impedit qui. Totam quo sit sint natus sit atque molestiae nobis. Autem eius voluptatem voluptatem illum amet molestiae.', 354, 4, 2, '2018-05-12 08:04:31', '2018-05-12 08:04:31'),
(40, 'voluptas', 'Debitis error nostrum et modi dolor. Autem eligendi sapiente totam. Dicta sed possimus nobis reprehenderit.', 195, 5, 7, '2018-05-12 08:04:31', '2018-05-12 08:04:31'),
(41, 'libero', 'Animi molestiae enim tenetur. Deleniti dolor a consequuntur. Dolor qui ipsum suscipit voluptatem quisquam.', 903, 9, 23, '2018-05-12 08:04:31', '2018-05-12 08:04:31'),
(42, 'deleniti', 'Aut necessitatibus rerum in inventore. Quaerat esse distinctio deleniti accusamus. Quo eos repudiandae alias.', 739, 8, 5, '2018-05-12 08:04:31', '2018-05-12 08:04:31'),
(43, 'exercitationem', 'Dolor nobis error quisquam praesentium pariatur esse consequatur. Expedita pariatur cupiditate est. Voluptas placeat blanditiis aut voluptas qui cupiditate placeat. Illo vero illo ut alias neque nostrum nihil soluta.', 554, 0, 7, '2018-05-12 08:04:31', '2018-05-12 08:04:31'),
(44, 'id', 'Voluptatem dolores eius id nisi. Autem minus exercitationem ratione enim minima quia eum. Eius dicta voluptatem ab velit impedit nam nihil maiores. Autem voluptatibus facere corrupti impedit consequuntur est voluptatem.', 685, 7, 15, '2018-05-12 08:04:31', '2018-05-12 08:04:31'),
(45, 'accusamus', 'Facilis et aspernatur quibusdam eligendi quasi quaerat explicabo. Optio incidunt omnis itaque ea. Sequi placeat molestias voluptatum magni hic.', 402, 3, 9, '2018-05-12 08:04:31', '2018-05-12 08:04:31'),
(46, 'assumenda', 'Quia quia quos enim molestiae sit iusto alias. Nesciunt consectetur ipsam voluptas dolore quis consequuntur pariatur sunt. Ipsam voluptate rerum voluptatem similique voluptatum et occaecati velit.', 391, 8, 5, '2018-05-12 08:04:31', '2018-05-12 08:04:31'),
(47, 'iusto', 'Accusantium deleniti sed ex. Cum enim vero et odio omnis eum. Velit ut ipsa ut neque quia et vero. Sed eligendi amet ut consequatur quia laboriosam eum.', 274, 6, 17, '2018-05-12 08:04:31', '2018-05-12 08:04:31'),
(48, 'vel', 'Aut ut molestiae enim quam. Iusto et ab illo vero molestias. Voluptate optio quae non nisi natus. Qui ea soluta officia quidem commodi.', 162, 8, 2, '2018-05-12 08:04:31', '2018-05-12 08:04:31'),
(49, 'occaecati', 'Quod eos aut consequatur maxime minima cumque aut aliquid. Deleniti non voluptas suscipit autem similique tempore corporis. Magnam rerum voluptas soluta.', 974, 2, 6, '2018-05-12 08:04:31', '2018-05-12 08:04:31'),
(50, 'harum', 'Aut reprehenderit et repudiandae quia est et. Rerum iste exercitationem magnam ipsam voluptatibus. Blanditiis voluptatem rerum molestiae. Totam voluptatem voluptate voluptatibus id veritatis labore aliquam.', 141, 5, 11, '2018-05-12 08:04:31', '2018-05-12 08:04:31');

-- --------------------------------------------------------

--
-- Table structure for table `reviews`
--

CREATE TABLE `reviews` (
  `id` int(10) UNSIGNED NOT NULL,
  `product_id` int(10) UNSIGNED NOT NULL,
  `customer` varchar(191) COLLATE utf8mb4_unicode_ci NOT NULL,
  `review` text COLLATE utf8mb4_unicode_ci NOT NULL,
  `star` int(11) NOT NULL,
  `created_at` timestamp NULL DEFAULT NULL,
  `updated_at` timestamp NULL DEFAULT NULL
) ENGINE=InnoDB DEFAULT CHARSET=utf8mb4 COLLATE=utf8mb4_unicode_ci;

--
-- Dumping data for table `reviews`
--

INSERT INTO `reviews` (`id`, `product_id`, `customer`, `review`, `star`, `created_at`, `updated_at`) VALUES
(1, 11, 'Mrs. Nelda Kshlerin V', 'Commodi aspernatur illum ipsum consequatur et nemo. Dolores veritatis molestias voluptate omnis animi et eveniet. Inventore aut corporis eum ut eius enim.', 0, '2018-05-12 08:04:32', '2018-05-12 08:04:32'),
(2, 43, 'Jaclyn Olson II', 'Ut nulla aut provident molestiae nam nostrum non non. Aliquam laboriosam sit quia unde quibusdam et omnis. Inventore consequuntur qui sint ea quia dolorem nihil.', 3, '2018-05-12 08:04:32', '2018-05-12 08:04:32'),
(3, 5, 'Vella Feeney', 'Placeat est saepe ipsam sunt. Dignissimos blanditiis voluptate earum tenetur quod. Voluptas necessitatibus quia quia quis.', 0, '2018-05-12 08:04:32', '2018-05-12 08:04:32'),
(4, 40, 'Prof. Lucile Mueller PhD', 'Vitae magnam explicabo iste nam. Et ab et earum. Nulla maiores iure et dolor odio sed. Est earum saepe repellendus.', 4, '2018-05-12 08:04:32', '2018-05-12 08:04:32'),
(5, 27, 'Dr. Lillian Hintz III', 'Qui ea earum esse optio. Et repudiandae ut ut. Sint praesentium asperiores dolores omnis. Assumenda quod fuga velit ratione molestiae quaerat eius.', 0, '2018-05-12 08:04:32', '2018-05-12 08:04:32'),
(6, 35, 'Frederik Ruecker', 'Dolorem aut vitae dolores beatae sed. Est officia qui asperiores voluptatem unde. Repudiandae ut sint voluptas iste incidunt ad.', 5, '2018-05-12 08:04:32', '2018-05-12 08:04:32'),
(7, 5, 'Candida Gaylord', 'Aperiam et maxime laborum molestias qui incidunt laborum. Consequatur quod non aliquam autem omnis vel voluptatum. Consectetur repellendus fugit quo. Est sed aut nihil.', 5, '2018-05-12 08:04:32', '2018-05-12 08:04:32'),
(8, 38, 'Andreane Balistreri', 'Sint et unde quo. Repellendus et consequuntur nulla facilis soluta officiis ex vitae. Voluptas est doloremque quo illum.', 0, '2018-05-12 08:04:32', '2018-05-12 08:04:32'),
(9, 10, 'Mazie Kohler MD', 'Sint voluptas aut minus non eius voluptatem quia officiis. Esse odio sit animi aperiam. Cupiditate sit necessitatibus non at. Quo temporibus est id dignissimos optio deserunt sit.', 3, '2018-05-12 08:04:32', '2018-05-12 08:04:32'),
(10, 12, 'Jed Wuckert', 'Sit sit quod aut. Aspernatur distinctio cum minima sunt sed. Et doloremque aut ullam ratione totam illum et voluptatem.', 5, '2018-05-12 08:04:32', '2018-05-12 08:04:32'),
(11, 31, 'Vicente Mann', 'Repellat illo harum consequuntur quis voluptatibus dolor quia. Quae aut qui placeat non laborum odit. Cumque mollitia consequatur ab ea dolorem consequatur. Qui sint molestiae voluptatibus quia.', 4, '2018-05-12 08:04:33', '2018-05-12 08:04:33'),
(12, 3, 'Dante Sawayn', 'Est quia temporibus aut eum. Et repellat reprehenderit et hic et incidunt quia. Sit dolor harum voluptatibus necessitatibus et dolor.', 1, '2018-05-12 08:04:33', '2018-05-12 08:04:33'),
(13, 41, 'Dr. Gwendolyn Runolfsson', 'Dolorum quisquam delectus laborum nam necessitatibus. Nihil quasi modi necessitatibus autem id quis sed aliquam.', 3, '2018-05-12 08:04:33', '2018-05-12 08:04:33'),
(14, 45, 'Tyrell Ernser', 'Eum quia dolores et consequatur rerum deleniti. Maiores inventore corporis fugiat quo sunt sint ea. Et quo ut distinctio itaque porro saepe aliquid sed.', 4, '2018-05-12 08:04:33', '2018-05-12 08:04:33'),
(15, 50, 'Luna Satterfield', 'Aut molestiae sequi porro beatae tenetur provident. Tempore sed quod cum qui minus consequatur quaerat. Voluptates tenetur qui dicta tempore. Sed debitis et ut laborum officia aut. Ea vitae voluptas deserunt rerum.', 2, '2018-05-12 08:04:33', '2018-05-12 08:04:33'),
(16, 50, 'Idell Hoppe', 'Distinctio quia officia labore exercitationem modi ex. Voluptate velit sed et sapiente est ad ea cum. Optio fuga at voluptas rerum officiis rerum. Distinctio eum ducimus dolores dignissimos.', 4, '2018-05-12 08:04:33', '2018-05-12 08:04:33'),
(17, 36, 'Shawn McLaughlin', 'Officia officia molestiae ut autem iste est. Optio aut non consequatur rem. Sunt amet repellat qui saepe laudantium et.', 2, '2018-05-12 08:04:33', '2018-05-12 08:04:33'),
(18, 46, 'Mrs. Erna Bins IV', 'Impedit voluptas omnis ea consequatur et impedit. Distinctio quo aperiam dolore cupiditate sed officia vel. Consequatur ducimus distinctio provident velit. Asperiores ut distinctio et molestias autem aut aut.', 1, '2018-05-12 08:04:33', '2018-05-12 08:04:33'),
(19, 18, 'Astrid Langworth', 'Nihil sint nihil optio iure. Nihil rerum consectetur atque. Cupiditate sit veritatis nihil consequuntur dolorum. Minima debitis omnis sapiente eos aut voluptate et.', 5, '2018-05-12 08:04:33', '2018-05-12 08:04:33'),
(20, 17, 'Mrs. Sarah Jaskolski PhD', 'Autem ipsa doloremque reprehenderit optio. Fuga a rem laborum officia dolorem alias voluptate. Non voluptatem architecto fugit. Non recusandae qui est inventore officia ab velit. Repellendus ea qui cum dolore.', 0, '2018-05-12 08:04:33', '2018-05-12 08:04:33'),
(21, 4, 'Prof. Tyreek Wintheiser V', 'Ullam ut voluptatem minima ducimus quia hic molestias. Incidunt facilis eum eligendi voluptates magni ut. Sit voluptatibus non sed aperiam eaque aperiam voluptatem. Eum voluptates ut quas dolorum. Eveniet rem iste praesentium qui omnis quae qui.', 2, '2018-05-12 08:04:33', '2018-05-12 08:04:33'),
(22, 42, 'Jarret Hand', 'Quae ipsum ut molestiae possimus voluptatibus et et. Iusto consequatur dolor unde rem atque aliquam ut. Dolor repellat nobis illo enim.', 3, '2018-05-12 08:04:33', '2018-05-12 08:04:33'),
(23, 39, 'Osvaldo McGlynn', 'Ad veritatis suscipit aut ut nobis omnis sunt. Consectetur omnis magni praesentium temporibus voluptate itaque. Sit voluptatibus quo placeat alias veritatis est voluptatum.', 2, '2018-05-12 08:04:33', '2018-05-12 08:04:33'),
(24, 8, 'Sabrina Hessel', 'Sunt quisquam aut omnis omnis quis ut. Est veritatis reprehenderit assumenda. Magni id ab consequatur sit ipsa nisi. Quis voluptas animi omnis et sequi sed excepturi sit.', 4, '2018-05-12 08:04:33', '2018-05-12 08:04:33'),
(25, 42, 'Tess Spinka', 'Dolores tenetur odio veniam praesentium soluta. Vitae voluptatibus eveniet voluptatibus sit iusto tenetur ullam. Perferendis repellendus unde a.', 4, '2018-05-12 08:04:33', '2018-05-12 08:04:33'),
(26, 16, 'Billie Kub', 'Ut excepturi omnis labore ut quo a. Aliquam necessitatibus non explicabo sit aut iusto qui. Sed ea ut quia quae earum. Quia accusamus consequuntur illo et ea sunt.', 0, '2018-05-12 08:04:33', '2018-05-12 08:04:33'),
(27, 7, 'Ida Klein MD', 'Qui amet expedita molestiae aut ut temporibus est. Architecto ea sed officiis qui velit natus doloribus architecto. Ut non rerum exercitationem modi. Aut totam eos natus aliquam perferendis aut.', 2, '2018-05-12 08:04:33', '2018-05-12 08:04:33'),
(28, 39, 'Camryn Watsica', 'A id adipisci optio quo est. Quisquam sint consequatur iure repellat non. Recusandae et impedit adipisci animi. Deleniti recusandae iure ut ut aut sapiente dignissimos commodi.', 1, '2018-05-12 08:04:33', '2018-05-12 08:04:33'),
(29, 38, 'Rosanna Corwin', 'Exercitationem nisi pariatur temporibus earum. Error excepturi eum autem. Ut numquam consequuntur qui temporibus tempore aliquam eos. Rerum similique sapiente aliquid nostrum.', 3, '2018-05-12 08:04:33', '2018-05-12 08:04:33'),
(30, 22, 'Dr. Leone Hauck Sr.', 'Nulla quam sed quod sit. Reiciendis aut natus vero. Quasi deleniti ducimus voluptates delectus.', 5, '2018-05-12 08:04:33', '2018-05-12 08:04:33'),
(31, 24, 'Enid McLaughlin', 'Et quod consequatur ut eligendi. Commodi explicabo ullam ab ipsa. Ut sit vero ut ut incidunt. Odio ipsa labore et facere dicta qui ea vel. Aut aut suscipit in repudiandae dignissimos temporibus architecto.', 5, '2018-05-12 08:04:33', '2018-05-12 08:04:33'),
(32, 17, 'Prof. Hailey Kertzmann', 'Voluptatem ut quam cumque saepe reprehenderit. Esse vero perspiciatis voluptas illum occaecati. Reprehenderit sint minima eius est assumenda voluptas. Non amet architecto ex.', 3, '2018-05-12 08:04:33', '2018-05-12 08:04:33'),
(33, 42, 'Casey Daugherty', 'Optio nihil aliquam ratione. Ad amet voluptatem nemo rerum delectus quidem voluptate. Sapiente repudiandae fugit et rerum.', 5, '2018-05-12 08:04:33', '2018-05-12 08:04:33'),
(34, 46, 'Mrs. Ludie Ondricka II', 'Nesciunt vel libero omnis excepturi. Enim quos porro suscipit voluptas molestias sit est. Enim dolorem unde enim nisi.', 1, '2018-05-12 08:04:33', '2018-05-12 08:04:33'),
(35, 11, 'Dillon Okuneva', 'Eius deleniti eius dolor et libero quaerat ut. Modi cum cumque eos qui molestiae et dolor eos. Voluptatem enim praesentium et dolorem voluptatem doloribus quo. Numquam necessitatibus eum enim provident molestias laudantium.', 4, '2018-05-12 08:04:33', '2018-05-12 08:04:33'),
(36, 30, 'Miss Hettie Metz', 'Assumenda officiis in ut harum maxime perferendis accusamus tempora. Iusto alias aut laudantium delectus sed. Provident dicta temporibus non est amet consectetur. Architecto exercitationem consectetur illum qui libero qui et.', 4, '2018-05-12 08:04:33', '2018-05-12 08:04:33'),
(37, 39, 'Camron Labadie', 'Optio quaerat nostrum repellat totam. Vel aut corporis sed molestiae. Dolorum maiores assumenda laborum neque. Quos laborum fugiat atque officia quisquam cupiditate est. Delectus in dignissimos rerum et tempore eum.', 2, '2018-05-12 08:04:33', '2018-05-12 08:04:33'),
(38, 44, 'Carson Nicolas', 'Aut accusantium quae eum et alias. Ipsam nobis consequatur exercitationem quae velit dolor. Sed explicabo quisquam ut officiis odit rerum debitis. Non omnis omnis non dolorem nemo possimus.', 1, '2018-05-12 08:04:33', '2018-05-12 08:04:33'),
(39, 32, 'Orlando Haag DDS', 'Corporis adipisci corporis est. Cupiditate est eum est repellendus nihil tempora eaque fuga. Et eos aut eveniet qui. Ex maiores est cupiditate rerum quibusdam.', 3, '2018-05-12 08:04:34', '2018-05-12 08:04:34'),
(40, 35, 'Bo Kutch', 'Odit voluptas repudiandae laboriosam reprehenderit blanditiis quisquam. A aliquam minus necessitatibus laudantium temporibus. Ex sequi quia unde sunt facere.', 1, '2018-05-12 08:04:34', '2018-05-12 08:04:34'),
(41, 27, 'Claudia Lindgren', 'Itaque provident at omnis dolorum ullam. Voluptas officiis dolorum et vel. Velit vel cumque rerum ratione tempora non.', 3, '2018-05-12 08:04:34', '2018-05-12 08:04:34'),
(42, 4, 'Nella Hodkiewicz', 'Commodi voluptatem dolorem quaerat cum soluta atque temporibus. Non nostrum et ut qui. Reiciendis ut ut autem veritatis aspernatur quo illo.', 1, '2018-05-12 08:04:34', '2018-05-12 08:04:34'),
(43, 16, 'Jeanette Lesch', 'Recusandae odio qui rerum doloremque sint et voluptate ipsum. Magni sequi est sunt id illo explicabo facere. Dolores minus molestiae ut omnis est velit. Quidem perspiciatis iusto facilis consequuntur saepe. Ab explicabo necessitatibus qui.', 4, '2018-05-12 08:04:34', '2018-05-12 08:04:34'),
(44, 30, 'Mr. Keegan Predovic', 'Tenetur fuga cum dolorem vero non id. Illum et fuga quo amet voluptas non veritatis eum. Nesciunt voluptatum sed magnam qui architecto. Consequatur velit atque debitis.', 1, '2018-05-12 08:04:34', '2018-05-12 08:04:34'),
(45, 13, 'Justus Fisher', 'Incidunt qui ut dolorem quasi vitae consequatur. Ut dolore ullam iusto delectus et. Illum odio praesentium perspiciatis dolorum. Ea nihil sit facere.', 1, '2018-05-12 08:04:34', '2018-05-12 08:04:34'),
(46, 46, 'Morris Quitzon', 'Totam officiis praesentium quibusdam doloribus porro blanditiis. Dignissimos nemo ut et iste temporibus inventore ad. Incidunt illo culpa quia sed.', 0, '2018-05-12 08:04:34', '2018-05-12 08:04:34'),
(47, 6, 'Genevieve Corwin', 'Ea animi eius et est aliquam numquam ullam. Ad animi maxime sunt est repellat nam.', 2, '2018-05-12 08:04:34', '2018-05-12 08:04:34'),
(48, 34, 'Dax McKenzie IV', 'Voluptas libero quibusdam optio mollitia provident quo. Officia odio quidem mollitia libero. Non quidem dolore blanditiis omnis quibusdam deleniti. Sed quasi provident excepturi nemo. Recusandae esse deserunt enim repellat tempora.', 5, '2018-05-12 08:04:34', '2018-05-12 08:04:34'),
(49, 7, 'Orpha Skiles MD', 'Corrupti dolorum repudiandae alias qui fugit quidem. Consequatur libero laudantium accusamus neque magni. Id dolor quae eum quia sint voluptatem et iusto. Totam velit sunt amet expedita aut enim temporibus.', 3, '2018-05-12 08:04:34', '2018-05-12 08:04:34'),
(50, 25, 'Prof. Sidney Heller MD', 'Sunt quaerat dolor sed voluptates porro et. Ut rerum aut ut porro velit ut. Quisquam culpa eos ut dolor adipisci repudiandae. Quae id vitae qui voluptas ut in.', 5, '2018-05-12 08:04:34', '2018-05-12 08:04:34'),
(51, 2, 'Abigale Goodwin', 'Fugiat unde officia et quis eum asperiores maxime. Neque maiores est consequatur et qui ratione voluptatum cupiditate. Necessitatibus reiciendis et ratione maiores quis voluptate qui corrupti. Quidem commodi cum doloribus ea amet sit corrupti. Sapiente et ut eaque ex.', 5, '2018-05-12 08:04:34', '2018-05-12 08:04:34'),
(52, 33, 'Dr. Westley White I', 'Enim magni similique sint consectetur. Qui voluptatem saepe illum quisquam ipsa. Quidem reiciendis et tempore assumenda consequatur rerum excepturi assumenda.', 0, '2018-05-12 08:04:34', '2018-05-12 08:04:34'),
(53, 10, 'Rod Conn', 'Provident rem placeat temporibus laboriosam eum necessitatibus. Quas ipsa temporibus nesciunt molestiae sint. Repellendus laudantium et rerum veritatis.', 3, '2018-05-12 08:04:34', '2018-05-12 08:04:34'),
(54, 39, 'Ms. Camille Bergnaum IV', 'Facere modi facilis maxime velit itaque. Praesentium est voluptas et. Aut commodi ut minus corrupti ipsum adipisci.', 1, '2018-05-12 08:04:34', '2018-05-12 08:04:34'),
(55, 32, 'Gregg Kreiger', 'Et quam est error et. Porro fugiat et sit sequi error debitis. Officiis ut doloribus est veritatis error minus. Quia quo incidunt ducimus a blanditiis neque.', 4, '2018-05-12 08:04:34', '2018-05-12 08:04:34'),
(56, 18, 'Harley Cartwright DDS', 'Occaecati optio veniam nihil rerum tempora. Non ipsum ducimus ducimus corporis quia. Nam animi vero numquam maxime velit sequi. Molestiae temporibus est dignissimos aspernatur illo molestias.', 1, '2018-05-12 08:04:34', '2018-05-12 08:04:34'),
(57, 43, 'Caleb Kassulke', 'Facilis eum et eius dolorem aut molestias. Placeat ut excepturi deserunt maiores quis. Inventore recusandae inventore animi culpa animi.', 1, '2018-05-12 08:04:35', '2018-05-12 08:04:35'),
(58, 31, 'Florine Zulauf', 'Porro ut accusantium perferendis mollitia et praesentium aperiam. Totam quisquam laboriosam et qui dolor ad ratione sapiente. Consequatur architecto voluptas ipsum iste similique fugiat quia. Eos debitis voluptates autem.', 2, '2018-05-12 08:04:35', '2018-05-12 08:04:35'),
(59, 36, 'Mr. Buster Turcotte', 'Qui illum error eveniet voluptas dignissimos. Odio maiores nostrum animi architecto suscipit molestiae. Sequi omnis iure est ab. Ratione quasi nemo iure et.', 4, '2018-05-12 08:04:35', '2018-05-12 08:04:35'),
(60, 37, 'Mya Rutherford', 'Fugiat est nesciunt eum non eum voluptas. Necessitatibus quisquam unde assumenda alias. Minima ducimus quo nulla reprehenderit. Ut aut cupiditate est delectus illo eligendi.', 0, '2018-05-12 08:04:35', '2018-05-12 08:04:35'),
(61, 20, 'Emmy Boyer', 'Ut ut et autem. Id libero quia reprehenderit. Dicta perferendis voluptatem aut magnam similique voluptatibus fuga.', 1, '2018-05-12 08:04:35', '2018-05-12 08:04:35'),
(62, 20, 'Miss Shanon Morar', 'Eveniet ducimus eum nihil aliquid soluta aliquam delectus. Recusandae sit omnis suscipit nisi non velit vero. Praesentium qui doloremque ad repellat qui ullam optio. Consequuntur assumenda enim enim dolor.', 4, '2018-05-12 08:04:35', '2018-05-12 08:04:35'),
(63, 5, 'Fernando Hills', 'Quo quia et quo rerum aut pariatur. Pariatur labore consectetur ut omnis aperiam expedita. A ut culpa aut omnis. Quos rerum nam placeat consequatur qui esse beatae cum.', 4, '2018-05-12 08:04:35', '2018-05-12 08:04:35'),
(64, 34, 'Miss Lora Mante', 'Ratione fugit ab omnis et perferendis exercitationem. Blanditiis at numquam facilis sint dolorem provident. Ex ducimus facere distinctio ut ut voluptas. Quisquam est sunt omnis debitis. Ea autem laboriosam beatae provident et quae.', 4, '2018-05-12 08:04:35', '2018-05-12 08:04:35'),
(65, 28, 'Mateo Considine', 'Exercitationem accusamus ut sed vero. Quos voluptatibus ut officiis repellat consequuntur nostrum minus. Qui reprehenderit sint tenetur. Molestiae assumenda perferendis officia asperiores.', 1, '2018-05-12 08:04:35', '2018-05-12 08:04:35'),
(66, 30, 'Shanelle Stracke IV', 'Rem odit sed aut sit et praesentium. Cupiditate placeat aliquid minus omnis qui. Et eum omnis nostrum sunt alias cupiditate quia.', 1, '2018-05-12 08:04:35', '2018-05-12 08:04:35'),
(67, 3, 'Prof. Kenneth Olson', 'Velit accusamus similique praesentium non similique dolorum saepe. Voluptatum a voluptatibus veritatis et iusto id. Ut et molestiae ut ratione.', 2, '2018-05-12 08:04:35', '2018-05-12 08:04:35'),
(68, 13, 'Camila Fay', 'Rerum aspernatur voluptatem excepturi molestiae nam. Iusto consequuntur nihil accusantium eum fugiat. Praesentium ab quis ex vitae.', 2, '2018-05-12 08:04:35', '2018-05-12 08:04:35'),
(69, 4, 'Alexandrine Harvey', 'Cum nam nemo optio. Quia cumque ut illo aut sed sint eaque. Tenetur magnam minus consequatur harum repellat.', 5, '2018-05-12 08:04:35', '2018-05-12 08:04:35'),
(70, 10, 'Ms. Rosa Torp Sr.', 'Consequuntur dolorum voluptate reprehenderit et voluptas. Quia incidunt voluptatibus aut dolores. Voluptatem ipsa doloremque beatae dolorem quo beatae.', 4, '2018-05-12 08:04:35', '2018-05-12 08:04:35'),
(71, 34, 'Vilma Hagenes', 'Totam aut pariatur fugiat veniam eos mollitia. Optio ut sed aut assumenda. Blanditiis omnis nam vel sequi veniam et. Eius nemo quis quia ut quia.', 4, '2018-05-12 08:04:35', '2018-05-12 08:04:35'),
(72, 20, 'Garrick O\'Reilly', 'Ducimus mollitia sit ipsum enim. Odit iusto voluptatibus voluptatem dolorem explicabo ipsa dolorum. Facilis voluptatum voluptates cumque magnam recusandae ab.', 0, '2018-05-12 08:04:35', '2018-05-12 08:04:35'),
(73, 15, 'Skylar Davis', 'Labore eos non ut necessitatibus omnis. Dolorem nihil odit id quibusdam consequuntur. Veniam tempora dignissimos alias reprehenderit unde sed.', 5, '2018-05-12 08:04:35', '2018-05-12 08:04:35'),
(74, 24, 'Dr. Garret Kozey III', 'Necessitatibus aliquam est voluptatibus minima. Facilis quae quibusdam error aut iure asperiores sed. Facilis ex culpa dolor aut sit velit ipsa illum. Eos vel vel sunt id asperiores. Et aut praesentium ratione nobis.', 4, '2018-05-12 08:04:35', '2018-05-12 08:04:35'),
(75, 50, 'Joanne Dooley', 'Et consequatur rerum temporibus necessitatibus. Modi corrupti voluptatem qui aut sunt sit. Eum et temporibus et voluptatum aut in magni.', 3, '2018-05-12 08:04:35', '2018-05-12 08:04:35'),
(76, 11, 'Laverna Greenfelder', 'Beatae culpa blanditiis quae et impedit. Itaque eius doloribus animi voluptas. Maxime recusandae aperiam et adipisci rerum. Qui consequatur sapiente laudantium omnis est earum.', 1, '2018-05-12 08:04:35', '2018-05-12 08:04:35'),
(77, 30, 'Prof. Deon Jones II', 'Voluptas voluptas facere quasi qui provident quia qui. Voluptatum omnis exercitationem sit corrupti esse officiis. Deleniti adipisci dolor quod pariatur eius quae fugit. Debitis delectus et dicta quis.', 2, '2018-05-12 08:04:35', '2018-05-12 08:04:35'),
(78, 11, 'Geo Green II', 'Quae ipsam et nesciunt assumenda omnis non commodi sapiente. Esse qui aut ut neque fugit dolores officiis. Quam iure quas illum veritatis. Facilis enim voluptas unde excepturi aut sequi consequatur.', 4, '2018-05-12 08:04:35', '2018-05-12 08:04:35'),
(79, 41, 'Mr. Cordell Kozey IV', 'Reiciendis et alias ex consequatur odio eveniet. Aut dignissimos quae et veniam delectus. Veniam at nisi voluptate. Distinctio quasi consequatur omnis ex.', 1, '2018-05-12 08:04:35', '2018-05-12 08:04:35'),
(80, 35, 'Miss Ada Cartwright', 'Natus odio eaque commodi consequatur tempore incidunt qui ipsum. Nihil maiores in molestias aliquid dolor. Nisi unde quibusdam sit consequatur natus velit in. Aut delectus ducimus necessitatibus hic et.', 1, '2018-05-12 08:04:35', '2018-05-12 08:04:35'),
(81, 42, 'Jaquelin Runolfsson', 'Est et qui ullam est soluta. Tempora dicta vitae quis occaecati. Cum perferendis dolores corporis repellat eaque. Est ut hic accusamus ut quam.', 0, '2018-05-12 08:04:35', '2018-05-12 08:04:35'),
(82, 8, 'Carissa Abshire MD', 'Et quia autem vero quis nesciunt quaerat. Non hic possimus suscipit. Nostrum in repellat et expedita provident cumque.', 5, '2018-05-12 08:04:35', '2018-05-12 08:04:35'),
(83, 48, 'Sarah O\'Hara', 'Dolor animi sapiente qui quae dicta qui. Sit est ducimus consequatur quia sit sequi earum doloribus. Eveniet suscipit quae qui nulla est vero qui.', 1, '2018-05-12 08:04:35', '2018-05-12 08:04:35'),
(84, 4, 'Noah Stanton', 'Dignissimos et maiores perspiciatis repudiandae ex sapiente non. Quaerat ut voluptas unde aliquid. Cumque et repudiandae reprehenderit quaerat.', 0, '2018-05-12 08:04:35', '2018-05-12 08:04:35'),
(85, 38, 'Amani Swaniawski', 'Consequatur error est ut fuga enim recusandae voluptatum. Non fugiat et ullam qui voluptas ut quo. Qui sed expedita facilis sunt voluptatem consequatur non.', 2, '2018-05-12 08:04:36', '2018-05-12 08:04:36'),
(86, 15, 'Mrs. Brandy Gutmann III', 'Libero maxime voluptatem corporis explicabo et vitae eligendi rem. Temporibus repudiandae consequuntur dolor dignissimos quisquam deleniti. Voluptatum soluta repudiandae earum et dolor est. Nesciunt est nisi illum vel. Similique culpa minima cumque nostrum voluptatem velit perspiciatis.', 3, '2018-05-12 08:04:36', '2018-05-12 08:04:36'),
(87, 5, 'Dillon Funk', 'Fugit illum tenetur dolores assumenda sed dicta ea soluta. Enim reiciendis ut dolor quas sit aut. Vero sequi non qui totam rerum et. Error impedit cum dolor ipsum deserunt.', 5, '2018-05-12 08:04:36', '2018-05-12 08:04:36'),
(88, 35, 'Abigail Wiegand', 'Qui assumenda officiis minima quo totam. Unde facere est maxime minus consequuntur sint. Voluptatem ipsam fugit magni sapiente ut necessitatibus animi.', 3, '2018-05-12 08:04:36', '2018-05-12 08:04:36'),
(89, 17, 'Adah Brekke', 'Sequi maxime vel ea est voluptatem necessitatibus. Explicabo non dolore fuga dolore nihil alias et. Ut doloribus non doloremque eum. Molestiae facilis nihil id rem rerum qui aliquid reprehenderit.', 1, '2018-05-12 08:04:36', '2018-05-12 08:04:36'),
(90, 47, 'Walter Simonis', 'Commodi eum assumenda consectetur quibusdam. Ea ea est id dolores ipsum temporibus.', 0, '2018-05-12 08:04:36', '2018-05-12 08:04:36'),
(91, 35, 'Ms. Charlene King Sr.', 'Illo illo ut accusamus autem. Natus quam ut reprehenderit odit reiciendis. Ut vel voluptas excepturi est esse quod. Ullam dolore odio quia aspernatur voluptas.', 1, '2018-05-12 08:04:36', '2018-05-12 08:04:36'),
(92, 37, 'Ms. Berniece Wilkinson', 'Earum alias qui doloribus est et aut eaque. Soluta voluptates cumque perspiciatis. Blanditiis fuga unde voluptas culpa non. Est cumque est impedit accusantium sapiente. Odio non fuga cum consequuntur.', 2, '2018-05-12 08:04:36', '2018-05-12 08:04:36'),
(93, 9, 'Mr. Kyle Ziemann DDS', 'Dignissimos consequatur numquam error maiores. Assumenda aspernatur quisquam perferendis. Architecto voluptates ratione voluptatem iusto quas saepe a adipisci. Esse inventore molestiae sint quisquam quas quisquam reiciendis. Est dicta ut consequatur voluptatem est maxime quae.', 4, '2018-05-12 08:04:36', '2018-05-12 08:04:36'),
(94, 37, 'Ashlee Gaylord II', 'Nam quod qui laborum incidunt est sed. Provident doloribus minima sed ipsum excepturi. Et optio libero quaerat velit consequatur inventore sequi. Adipisci sit eum qui quibusdam esse impedit.', 2, '2018-05-12 08:04:36', '2018-05-12 08:04:36'),
(95, 25, 'Fern Gorczany', 'Non itaque omnis aut repellat corrupti architecto. Tenetur dolore at velit provident. Fugiat repudiandae asperiores cupiditate porro voluptatem voluptatem eos.', 1, '2018-05-12 08:04:36', '2018-05-12 08:04:36'),
(96, 19, 'Montana Gutmann', 'Doloribus eos distinctio laudantium nihil dolorem. Nobis placeat repellendus quod. Sit aliquam et quaerat temporibus saepe tempora accusamus quam. Sunt officia esse qui alias ut totam ea laudantium. Culpa et earum vel in officia voluptate dicta.', 3, '2018-05-12 08:04:36', '2018-05-12 08:04:36'),
(97, 25, 'Dr. Arnoldo Braun', 'Ipsa fugiat aut iure molestias sed voluptatibus. Sunt quas accusamus vero quis recusandae. Soluta veritatis tenetur suscipit deserunt nihil voluptatem.', 0, '2018-05-12 08:04:36', '2018-05-12 08:04:36'),
(98, 18, 'Nona Stamm', 'Animi ab eum quaerat cum vero voluptatem sunt possimus. Aut sit esse ratione tenetur et.', 1, '2018-05-12 08:04:36', '2018-05-12 08:04:36'),
(99, 47, 'Miss Bette Blanda IV', 'Illum excepturi officiis omnis. Qui omnis natus facere fuga sapiente praesentium. Molestias ipsam voluptatem et molestiae esse libero et.', 3, '2018-05-12 08:04:36', '2018-05-12 08:04:36'),
(100, 4, 'Birdie Walker', 'Molestiae sed deserunt sed sed provident voluptatum autem. Vel ut soluta facere quos tenetur fugit aut sit. Temporibus quam et neque doloremque eos et. Quibusdam earum et sit vel.', 2, '2018-05-12 08:04:36', '2018-05-12 08:04:36'),
(101, 15, 'Ms. Jakayla Schiller', 'Eaque quia non exercitationem dignissimos ea reprehenderit. Veniam et aperiam dignissimos suscipit repudiandae. Delectus voluptatem in pariatur quia dolorem autem. Sunt non et non odit voluptatum commodi hic. Quaerat magnam praesentium consequatur tempora dolor quaerat porro.', 5, '2018-05-12 08:04:36', '2018-05-12 08:04:36'),
(102, 26, 'Dr. Ibrahim McCullough', 'Eveniet ipsa dolorem cum similique modi numquam. Explicabo optio ullam sequi nisi quo voluptatem. Recusandae recusandae consequuntur est voluptas ex.', 0, '2018-05-12 08:04:36', '2018-05-12 08:04:36'),
(103, 29, 'Dr. Forest Orn', 'Sit sint distinctio quo doloribus id. Ut a quam id placeat qui harum optio laboriosam.', 4, '2018-05-12 08:04:36', '2018-05-12 08:04:36'),
(104, 1, 'Westley Grimes', 'Et facilis quasi et est voluptatum sed. Itaque itaque iure reprehenderit reprehenderit et. Placeat nihil sequi doloribus officia distinctio et.', 3, '2018-05-12 08:04:36', '2018-05-12 08:04:36'),
(105, 45, 'Devonte Gerlach DDS', 'Ipsa quam libero aut dolore est impedit quod id. Laborum quis ex aspernatur ut nihil sunt. Veritatis in dolorem placeat.', 3, '2018-05-12 08:04:36', '2018-05-12 08:04:36'),
(106, 6, 'Prof. Braxton Braun Jr.', 'Eum sit voluptate ut eos sint. Voluptatem et quos omnis quas.', 0, '2018-05-12 08:04:36', '2018-05-12 08:04:36'),
(107, 5, 'Prof. Karen Krajcik', 'Illum mollitia velit delectus est cupiditate. Autem non at rerum consequatur voluptatem sed. Quidem at unde quisquam optio molestiae veniam atque magnam. Culpa placeat vitae illum dolores.', 1, '2018-05-12 08:04:36', '2018-05-12 08:04:36'),
(108, 30, 'Pinkie Zemlak', 'Excepturi enim reprehenderit nisi itaque amet. Ut illo harum quis earum fugiat mollitia ullam. Quis sed omnis nihil enim omnis delectus qui natus. Maiores qui placeat nobis quae.', 0, '2018-05-12 08:04:36', '2018-05-12 08:04:36'),
(109, 32, 'Monica Kemmer', 'Eos magni non sit sint nemo. Tenetur porro voluptatum animi consequatur tempora. Illum ratione nulla laborum sed laboriosam.', 5, '2018-05-12 08:04:36', '2018-05-12 08:04:36'),
(110, 37, 'Alexandre Kreiger', 'Blanditiis aut perferendis deserunt non recusandae. Culpa exercitationem est id sint. Optio velit aut molestias. Doloremque quo asperiores provident odio nemo sequi.', 4, '2018-05-12 08:04:36', '2018-05-12 08:04:36'),
(111, 19, 'Juliet Buckridge', 'Facilis ipsam omnis et facere labore ex quae. Nihil qui nostrum ad.', 2, '2018-05-12 08:04:36', '2018-05-12 08:04:36'),
(112, 9, 'Ephraim Quitzon', 'Praesentium molestias qui nobis necessitatibus doloremque ipsum. Libero ut ut porro illo autem. Minus reiciendis officiis perspiciatis ut alias veritatis. Nisi et consequuntur repellat aut magnam fuga.', 3, '2018-05-12 08:04:36', '2018-05-12 08:04:36'),
(113, 4, 'Prof. Nelson Schaden IV', 'Ut eum consequatur suscipit omnis sunt. Rem enim et et qui est repudiandae aliquid excepturi. Ea fugit sint cumque cumque. Laboriosam facere corporis voluptatem deserunt.', 4, '2018-05-12 08:04:36', '2018-05-12 08:04:36'),
(114, 8, 'Prof. Connor Schmitt', 'Esse hic laboriosam consequuntur. Sed ut quisquam possimus atque beatae ab repellat. Totam doloremque deserunt dignissimos adipisci laudantium soluta perspiciatis. Accusantium eos esse est. Beatae itaque blanditiis sit nostrum distinctio.', 5, '2018-05-12 08:04:36', '2018-05-12 08:04:36'),
(115, 49, 'Aglae Rutherford', 'Asperiores odio sed dolores ut adipisci. Expedita et exercitationem similique quia maiores. Unde quibusdam quia et saepe doloremque. Ab sunt numquam incidunt repudiandae eos sed nostrum.', 4, '2018-05-12 08:04:37', '2018-05-12 08:04:37'),
(116, 2, 'Melody Prosacco', 'Quam molestiae veritatis perferendis sit animi similique. Doloribus hic sit earum inventore a quia nihil. Aliquam veritatis porro fugit totam voluptates.', 4, '2018-05-12 08:04:37', '2018-05-12 08:04:37'),
(117, 22, 'Prof. Alaina Abbott II', 'Nemo possimus ipsa perferendis aut facilis sint et. Libero ut molestiae eos delectus. Quasi quod nemo ut minus maiores molestias.', 4, '2018-05-12 08:04:37', '2018-05-12 08:04:37'),
(118, 15, 'Caterina Metz', 'Eum consequatur necessitatibus illo. Et iste cupiditate facere reprehenderit cum quidem odit. Inventore error recusandae quo quod voluptas aut aut. Vel soluta adipisci et possimus rem aspernatur.', 4, '2018-05-12 08:04:37', '2018-05-12 08:04:37'),
(119, 45, 'Hulda Murazik DVM', 'Minima adipisci corrupti et et et et sit sequi. Ratione excepturi sit nulla et. Quo sint quisquam ex.', 5, '2018-05-12 08:04:37', '2018-05-12 08:04:37'),
(120, 45, 'Brandy Cassin', 'Voluptatem eligendi excepturi voluptate ducimus quis modi reprehenderit. Consequatur mollitia et tempora et quo hic magni. Sunt omnis eaque occaecati et libero. Placeat molestiae dolorem aperiam qui in.', 2, '2018-05-12 08:04:37', '2018-05-12 08:04:37'),
(121, 44, 'Catharine Murray', 'Iste est dolor sunt tenetur. Quisquam quam culpa odit accusamus omnis dolor. Dolorum illo magni possimus recusandae amet nisi. Ut tenetur iure animi.', 3, '2018-05-12 08:04:37', '2018-05-12 08:04:37'),
(122, 46, 'Itzel Mertz', 'Perferendis et error dolorem porro sunt voluptatibus et. Neque autem praesentium beatae rerum mollitia. Voluptatum aut et omnis architecto molestiae aut.', 0, '2018-05-12 08:04:37', '2018-05-12 08:04:37'),
(123, 8, 'Francesca Bailey DDS', 'Consequatur maiores occaecati quis iure aut quia. Aliquam ea omnis sapiente sapiente id ut. Quia maiores ex eum beatae ipsam corrupti rerum. Eius consequatur consectetur dolorem exercitationem mollitia voluptatem sed dolore.', 2, '2018-05-12 08:04:37', '2018-05-12 08:04:37'),
(124, 18, 'Kurt Anderson', 'Aut autem quia quo sit. Nisi tempora sit possimus dolores rerum nobis eos amet. Odio voluptatem et quasi dolor eius. Repudiandae nam iure a.', 5, '2018-05-12 08:04:37', '2018-05-12 08:04:37'),
(125, 7, 'Robbie Murazik I', 'Sit alias accusamus quo eius quo. Exercitationem nemo quam suscipit voluptatem laudantium doloribus. Saepe laboriosam eveniet dolorum quidem perferendis. Sed error rerum architecto quas omnis sequi dolores.', 4, '2018-05-12 08:04:37', '2018-05-12 08:04:37'),
(126, 18, 'Adeline Roberts', 'Ea aperiam facere architecto quis. Ducimus perferendis doloribus doloremque optio consequatur illum. Enim tempora est ipsam eaque. Modi provident quisquam est sed fugiat qui sit.', 3, '2018-05-12 08:04:37', '2018-05-12 08:04:37'),
(127, 32, 'Maryam Lindgren', 'Commodi et eum illum voluptas est qui ut. Saepe sed aut ratione assumenda ullam et aspernatur ad. Quae est veritatis eum incidunt.', 1, '2018-05-12 08:04:37', '2018-05-12 08:04:37'),
(128, 32, 'Bernardo Swift V', 'Ea iure facilis cum nemo fuga et. Nihil quaerat culpa magni quod odio expedita. Laborum repellendus voluptatem est aperiam sint.', 0, '2018-05-12 08:04:37', '2018-05-12 08:04:37'),
(129, 25, 'Heaven Boyer', 'Doloribus ut nemo sit veritatis eum cum. Fugit itaque sint sint repellendus accusantium asperiores est id. Voluptatibus ad aut error. Nam omnis et qui.', 0, '2018-05-12 08:04:37', '2018-05-12 08:04:37'),
(130, 6, 'Nathaniel Wyman', 'Saepe omnis dolor tempore omnis. Qui aut dolor porro non. Rerum fuga a pariatur distinctio eum. Voluptatem aspernatur molestias ipsam provident necessitatibus tempore.', 3, '2018-05-12 08:04:37', '2018-05-12 08:04:37'),
(131, 33, 'Dr. Joaquin Dickinson I', 'Et porro magni eum nemo voluptate porro. Doloribus labore cumque distinctio in natus eaque hic sed. A doloribus ut quod perferendis.', 3, '2018-05-12 08:04:37', '2018-05-12 08:04:37'),
(132, 32, 'Karley Anderson', 'Dolores ducimus odio molestiae. Consectetur non qui eos harum possimus aliquid vel. Veniam enim in quam earum quo veniam.', 1, '2018-05-12 08:04:37', '2018-05-12 08:04:37'),
(133, 4, 'Wellington Fadel', 'Et qui ipsa quia rem expedita. Quis repellendus ad facilis sapiente quam id deleniti. Sapiente cupiditate illo itaque occaecati ut fugiat deleniti quam.', 1, '2018-05-12 08:04:37', '2018-05-12 08:04:37'),
(134, 27, 'Anibal Kutch I', 'Voluptas atque enim et aut in aut eos neque. Veniam illo fugit ex quo et ad. Modi non officiis fuga deleniti id.', 2, '2018-05-12 08:04:37', '2018-05-12 08:04:37'),
(135, 37, 'Samir Schiller', 'Non fugit neque quisquam molestiae. Nam ab dignissimos voluptatem et nulla ea unde nostrum. In odit qui cumque modi. Iure possimus id dolor et.', 2, '2018-05-12 08:04:37', '2018-05-12 08:04:37'),
(136, 43, 'Ellie Lind', 'Nostrum facere qui iure repellat et eligendi. Natus molestiae aut ratione cumque nostrum neque.', 0, '2018-05-12 08:04:37', '2018-05-12 08:04:37'),
(137, 37, 'Heber Leuschke', 'Pariatur delectus consequatur ratione dolorem qui omnis. Eveniet veritatis aperiam laboriosam quia reprehenderit veniam velit. Fugit ipsum corrupti cumque rerum quo. Architecto quisquam tempora suscipit aut impedit rem quidem aliquam.', 5, '2018-05-12 08:04:37', '2018-05-12 08:04:37'),
(138, 6, 'Eleanore Bayer', 'Voluptatem fugit et sapiente rerum ab aliquid beatae. Eius eum corrupti magni quos quia.', 5, '2018-05-12 08:04:37', '2018-05-12 08:04:37'),
(139, 39, 'Prof. Lisette Wolff', 'Impedit sed iste ratione eum. Ab explicabo quis nulla perspiciatis ut. Rem ratione et hic illo.', 2, '2018-05-12 08:04:37', '2018-05-12 08:04:37'),
(140, 23, 'Anita Yost', 'Pariatur error nihil voluptatem error non debitis animi qui. Consequatur aspernatur voluptas omnis ad aspernatur quod eos. Provident optio quia rerum et et itaque.', 4, '2018-05-12 08:04:37', '2018-05-12 08:04:37'),
(141, 22, 'Kelsie Tromp II', 'Est qui sed et aliquam. Expedita rerum eaque qui tempore excepturi numquam quasi. Provident reiciendis repudiandae magnam recusandae rerum. Error ab error saepe ratione laborum.', 2, '2018-05-12 08:04:37', '2018-05-12 08:04:37'),
(142, 8, 'Ms. Opal Trantow II', 'Architecto est ea blanditiis iusto. Provident provident laborum maxime deleniti consequatur asperiores provident similique. Velit ratione sunt delectus sequi alias quis accusamus.', 4, '2018-05-12 08:04:37', '2018-05-12 08:04:37'),
(143, 9, 'Trisha Lockman', 'Sint quis necessitatibus soluta. Consequatur itaque aliquam ea ipsam et dolorum ipsum voluptates. Itaque deserunt omnis perspiciatis sed autem sit. Dolorem delectus molestias fuga laborum temporibus ratione nobis.', 4, '2018-05-12 08:04:37', '2018-05-12 08:04:37'),
(144, 8, 'Dr. Francis Hagenes DVM', 'Maxime totam et sunt. Saepe dolorum dolorum aliquid assumenda. Fuga quas et quos deleniti perspiciatis. Quia qui rerum vel id qui sunt qui.', 1, '2018-05-12 08:04:37', '2018-05-12 08:04:37'),
(145, 42, 'Johnathan Herzog MD', 'Reprehenderit culpa quos quis id eius est. Delectus consequatur omnis officia nostrum. Minima ut minima harum dolor at.', 2, '2018-05-12 08:04:37', '2018-05-12 08:04:37'),
(146, 48, 'Mrs. Lia Jenkins', 'Quidem quidem culpa voluptas quia sint occaecati. Aut praesentium est dicta eaque saepe perferendis placeat corrupti. Magni voluptatum neque ea non ut est. Ducimus non et enim.', 1, '2018-05-12 08:04:38', '2018-05-12 08:04:38'),
(147, 45, 'Dennis Botsford', 'Dolorem vero sed omnis tempore et quae praesentium. Tenetur voluptatem cumque et perferendis necessitatibus consequatur.', 3, '2018-05-12 08:04:38', '2018-05-12 08:04:38'),
(148, 15, 'Lorine Crona', 'Aut veniam eveniet ex hic corporis quis non sit. Incidunt possimus et rem quas non incidunt. Soluta pariatur non ut culpa unde sequi voluptate.', 3, '2018-05-12 08:04:38', '2018-05-12 08:04:38'),
(149, 48, 'Mr. Roger Jacobi DDS', 'Aspernatur laudantium dolorum magni qui. Harum illum consectetur vitae aspernatur quis magnam ut.', 5, '2018-05-12 08:04:38', '2018-05-12 08:04:38'),
(150, 47, 'Jordyn Mills', 'Blanditiis cupiditate rem qui ut fugit dolores. Sed ipsam voluptatem necessitatibus nihil quidem. Est ut eveniet voluptatem quia dolor. Voluptas quia qui at ullam et cupiditate cumque dolor.', 4, '2018-05-12 08:04:38', '2018-05-12 08:04:38'),
(151, 13, 'Prof. Sebastian Hammes', 'Et quia eveniet sunt provident. Fuga saepe odio reprehenderit molestiae eum fugit quos. Reprehenderit qui aut ipsum quia qui consequatur.', 4, '2018-05-12 08:04:38', '2018-05-12 08:04:38'),
(152, 3, 'Gino Koepp MD', 'Eum eaque incidunt est odit voluptas aspernatur repellendus. Aut culpa voluptas aliquam rerum voluptas ea. Excepturi et aspernatur qui est explicabo. Placeat veniam earum nostrum quaerat laudantium provident. Ipsam suscipit qui doloribus sit optio officia quasi soluta.', 0, '2018-05-12 08:04:38', '2018-05-12 08:04:38'),
(153, 47, 'Miss Emma Johnson Jr.', 'Laudantium delectus quia aspernatur qui quia suscipit. Quam ipsa hic praesentium corrupti. Debitis cum tempora aspernatur. Maxime facere blanditiis nam veritatis ut sunt quo.', 3, '2018-05-12 08:04:38', '2018-05-12 08:04:38'),
(154, 24, 'Curt Smitham II', 'Quisquam non dolor est cupiditate. Reprehenderit harum fuga sit illo maxime sequi quis. Voluptas et repellendus itaque aut quis. Aspernatur totam et modi eveniet enim qui quis accusantium.', 4, '2018-05-12 08:04:38', '2018-05-12 08:04:38'),
(155, 43, 'Zelda Cronin', 'Vero numquam voluptatem repudiandae fugit omnis necessitatibus. At molestiae voluptatem voluptatem dolores. Reiciendis tempore eos at explicabo nemo quidem autem.', 0, '2018-05-12 08:04:38', '2018-05-12 08:04:38'),
(156, 14, 'Mrs. Angelina Luettgen PhD', 'Placeat ratione dolores vel ad sit ullam. Ea error voluptatibus corporis nesciunt eos aperiam. Et perferendis suscipit quo quia quae molestiae sequi. Qui necessitatibus ut impedit quisquam alias assumenda dolores. Quia enim totam corrupti sit assumenda.', 1, '2018-05-12 08:04:38', '2018-05-12 08:04:38'),
(157, 17, 'Janet Rath', 'Corrupti aut inventore facilis optio qui. Id quidem qui nihil asperiores dolorem. Impedit iusto nam atque.', 0, '2018-05-12 08:04:38', '2018-05-12 08:04:38'),
(158, 33, 'Lilly Cummings', 'Omnis eligendi nam repellat. Voluptate omnis necessitatibus maiores excepturi aperiam culpa ut. Est laudantium magnam qui possimus quo aperiam maxime vero. Et incidunt vel vitae dolorem porro et.', 5, '2018-05-12 08:04:38', '2018-05-12 08:04:38'),
(159, 31, 'Rickie Mosciski', 'Perspiciatis voluptates voluptas blanditiis qui excepturi officia hic. Incidunt qui omnis quis fuga. Aut vel quas deleniti et quasi.', 5, '2018-05-12 08:04:38', '2018-05-12 08:04:38'),
(160, 12, 'Miss Annie Bode Jr.', 'Eum enim impedit perferendis quam fugit quis. Atque inventore tempora a est. Accusantium libero itaque sit sint excepturi.', 3, '2018-05-12 08:04:38', '2018-05-12 08:04:38'),
(161, 16, 'Dena Gleichner', 'Corporis quis ratione corporis dignissimos ullam. Itaque fuga modi eius voluptatem rerum harum dignissimos cupiditate. Autem suscipit quia fugit voluptatum in maiores earum quia.', 5, '2018-05-12 08:04:38', '2018-05-12 08:04:38'),
(162, 13, 'Gust Dach', 'Vel ex quae tempora ad omnis consequatur. Enim amet libero autem sed ea. Natus odit eos consequuntur possimus nulla sit voluptas.', 2, '2018-05-12 08:04:38', '2018-05-12 08:04:38'),
(163, 11, 'Nelle Walter', 'Odio iste corrupti soluta itaque repudiandae illum vel iusto. Expedita doloribus sunt dolore voluptates odio enim.', 1, '2018-05-12 08:04:38', '2018-05-12 08:04:38'),
(164, 9, 'Felicity Hintz', 'Quia id accusantium vitae ut quisquam qui inventore. Esse qui hic aliquid earum.', 2, '2018-05-12 08:04:38', '2018-05-12 08:04:38'),
(165, 36, 'Jeffry Kessler V', 'Voluptas deleniti in voluptas accusamus. Cupiditate voluptatibus sit voluptatem qui dolorem commodi dolore.', 2, '2018-05-12 08:04:38', '2018-05-12 08:04:38'),
(166, 12, 'Leanna Pollich', 'Quo veritatis necessitatibus ipsum praesentium. Voluptatem earum maiores quibusdam veritatis minima aut. Mollitia enim sapiente non odit nam vero sit.', 4, '2018-05-12 08:04:38', '2018-05-12 08:04:38'),
(167, 10, 'Mr. Howell Lakin DDS', 'Aut qui et est voluptatem omnis vitae est voluptas. Consequatur sit aliquam sint est voluptas aut. Reprehenderit harum qui magnam est id. Et eos placeat exercitationem.', 2, '2018-05-12 08:04:38', '2018-05-12 08:04:38'),
(168, 3, 'Monte Thompson', 'Aut earum culpa eum. Est illo voluptatem facilis doloremque sequi. Sed in necessitatibus doloremque expedita. Totam soluta occaecati sequi eos repudiandae in.', 3, '2018-05-12 08:04:38', '2018-05-12 08:04:38'),
(169, 29, 'Kaleigh Gibson', 'Excepturi veritatis id tenetur non commodi ullam ea. Beatae reprehenderit rem occaecati et non corrupti ducimus. Aut exercitationem ea corrupti et ullam. Aperiam facilis velit quasi cupiditate qui.', 1, '2018-05-12 08:04:38', '2018-05-12 08:04:38'),
(170, 31, 'Carol Gutkowski', 'Corrupti dicta similique aut culpa omnis reiciendis eos. Dolores fuga consequatur ut. Ut exercitationem dolorum velit aut magni.', 2, '2018-05-12 08:04:38', '2018-05-12 08:04:38'),
(171, 16, 'Mr. Hank Emmerich', 'Et aut voluptas cum dolorum commodi ratione ducimus. Iste aliquam nisi amet iure omnis. Numquam temporibus dolor earum eum qui.', 2, '2018-05-12 08:04:38', '2018-05-12 08:04:38'),
(172, 22, 'Lee Klocko', 'Natus a voluptas quae minus soluta soluta qui. Non officia similique est rem. Reiciendis molestiae vero vitae pariatur ut quisquam temporibus.', 5, '2018-05-12 08:04:38', '2018-05-12 08:04:38'),
(173, 18, 'Kelvin Volkman', 'Occaecati earum dicta et quaerat eum. Voluptate voluptas explicabo inventore minima ea explicabo. Reiciendis dolorem dolorum qui temporibus voluptatem quis.', 4, '2018-05-12 08:04:38', '2018-05-12 08:04:38'),
(174, 26, 'Arch Schinner', 'Ipsum et rem eveniet adipisci non. Cum et omnis alias minima ut qui architecto tempora. Beatae non amet asperiores eos ipsum libero.', 1, '2018-05-12 08:04:38', '2018-05-12 08:04:38'),
(175, 30, 'Dr. Mozell Quitzon IV', 'Ipsa ullam velit est ullam. Natus ad odit aut dolores. Qui minima expedita est deleniti vero sit. Aliquam ut eum quia qui eveniet.', 0, '2018-05-12 08:04:38', '2018-05-12 08:04:38'),
(176, 41, 'Alexie Bins', 'Optio aut aliquid veritatis ducimus. Error reprehenderit officiis non et. Quis totam quisquam voluptatem facilis eum saepe suscipit. Atque dolorem non voluptas nulla. Quo consectetur voluptas ea id totam voluptatem.', 4, '2018-05-12 08:04:39', '2018-05-12 08:04:39'),
(177, 44, 'Jon Purdy', 'Aut voluptate et et sint. Est quia aut id corporis ea soluta. Nobis aut facilis voluptatum eum et saepe ea.', 2, '2018-05-12 08:04:39', '2018-05-12 08:04:39'),
(178, 45, 'Lesley Krajcik', 'Voluptatem sed harum animi accusamus vel aperiam in reiciendis. Rerum omnis qui natus quod. Vel et ut et dolores molestias impedit minus commodi.', 1, '2018-05-12 08:04:39', '2018-05-12 08:04:39'),
(179, 17, 'Jamar Graham', 'Reiciendis dolorum sit et et quas est ratione. Ut ipsum harum libero facere sint debitis aspernatur. Ipsum nihil consequatur ut autem provident. Ab iure et asperiores minima est.', 2, '2018-05-12 08:04:39', '2018-05-12 08:04:39'),
(180, 9, 'Perry Dickinson', 'Vitae omnis illum nobis dolorem facere. Quisquam deleniti vitae non qui earum sunt at. Similique aut recusandae omnis maxime laudantium dignissimos id saepe. Autem eaque ea aut tempora et et.', 1, '2018-05-12 08:04:39', '2018-05-12 08:04:39'),
(181, 46, 'Dorcas Hills V', 'Perferendis in vel harum unde et voluptas et. Deleniti libero facere autem eos odit. Non est iure facilis in iste dolor et. Libero alias rerum molestiae laudantium culpa. Fuga eligendi ut molestiae debitis porro.', 0, '2018-05-12 08:04:39', '2018-05-12 08:04:39'),
(182, 39, 'Mrs. Earline Kerluke V', 'Sapiente excepturi ut asperiores non debitis officiis ut. Non commodi minima nihil ut et placeat quia. Quia et officiis est delectus qui accusamus dignissimos.', 3, '2018-05-12 08:04:39', '2018-05-12 08:04:39'),
(183, 28, 'Victor Rath', 'Nam perspiciatis eum aut in consequatur autem eos. Quos fugiat iure eos aut. Dolore iusto voluptatem commodi id nobis repellendus. Sint iure temporibus eveniet aut.', 1, '2018-05-12 08:04:39', '2018-05-12 08:04:39'),
(184, 4, 'Odessa Rodriguez', 'Vel eveniet et deserunt qui dolorum assumenda modi quia. Iusto ut nostrum vel. Voluptatem neque delectus in enim vitae aut quibusdam. Aut tempora vero consequatur animi nesciunt placeat.', 4, '2018-05-12 08:04:39', '2018-05-12 08:04:39'),
(185, 12, 'Dr. Matilda Harris IV', 'Mollitia molestias laudantium omnis veniam numquam sint saepe quia. Totam deleniti velit odit. Ex inventore minima cumque sit tempora minima. Numquam in dolor minima sed et et amet.', 1, '2018-05-12 08:04:39', '2018-05-12 08:04:39'),
(186, 49, 'Saige Rice', 'Consequuntur in voluptatem illum saepe id voluptatibus et. Iusto dolores voluptatem et quis accusamus. Dolore dolorum nam repellendus ex quae incidunt.', 5, '2018-05-12 08:04:39', '2018-05-12 08:04:39'),
(187, 41, 'Aletha Kuhlman', 'Sunt esse voluptatem est cum. Et mollitia molestiae quo nostrum debitis.', 4, '2018-05-12 08:04:39', '2018-05-12 08:04:39'),
(188, 4, 'Dr. Christiana Marks', 'Commodi quis quam quis quae et quasi. Quia qui laborum sit deserunt. Architecto eius rerum fugiat ullam deleniti. Saepe omnis vero qui ut sit voluptas ut.', 3, '2018-05-12 08:04:39', '2018-05-12 08:04:39'),
(189, 8, 'Mathilde Champlin', 'Temporibus voluptatibus unde odio modi dolorem exercitationem rerum. Dicta quidem nisi excepturi incidunt. Praesentium numquam delectus laboriosam alias quae. Et qui repellendus minus et. Pariatur quasi saepe exercitationem incidunt et perspiciatis aut.', 1, '2018-05-12 08:04:39', '2018-05-12 08:04:39'),
(190, 15, 'Mr. Sigrid Fritsch DVM', 'Sed possimus non eveniet voluptatibus. Itaque id repellat impedit commodi est ut corrupti. Rerum hic quam sequi voluptas libero recusandae. Illo odit non accusamus ut.', 5, '2018-05-12 08:04:39', '2018-05-12 08:04:39'),
(191, 44, 'Adolphus Sipes', 'Quaerat enim voluptas ipsum dolorem. Dicta aut repudiandae quia neque doloribus.', 5, '2018-05-12 08:04:39', '2018-05-12 08:04:39'),
(192, 5, 'Arden Heaney V', 'Consequuntur perspiciatis quod quis rerum quaerat aperiam voluptatum quia. Magni velit vel non. Expedita blanditiis sunt nihil non aut aut. Doloribus qui neque dolorem.', 1, '2018-05-12 08:04:39', '2018-05-12 08:04:39'),
(193, 37, 'Maia Reynolds', 'Dignissimos eum non ut dicta nisi sunt odio. Dolores doloribus sequi aut fugit alias eveniet. Qui magni aut sint pariatur tenetur. Impedit pariatur magnam provident aut facere molestias molestiae enim. Et ut et quibusdam dignissimos.', 0, '2018-05-12 08:04:39', '2018-05-12 08:04:39'),
(194, 46, 'Dr. Rosemarie Kuhlman V', 'Occaecati non porro saepe ducimus aut soluta. Praesentium voluptas neque molestiae deleniti. Possimus earum optio culpa quam minus corrupti ea. Velit necessitatibus cupiditate omnis voluptatem est necessitatibus dolorem quia. Et quia est sequi maiores nisi eum.', 2, '2018-05-12 08:04:39', '2018-05-12 08:04:39'),
(195, 20, 'Freddie Kulas V', 'Aliquid neque omnis quas non eos nobis. Beatae vel necessitatibus deserunt accusamus. Praesentium cupiditate consequuntur et. Optio quod eius unde tenetur possimus alias. Quia provident ipsum et quia.', 5, '2018-05-12 08:04:39', '2018-05-12 08:04:39'),
(196, 17, 'Zakary Thiel', 'Cumque quia odio facere sed. Ut hic quas minus excepturi nostrum quaerat aut. Non facere ipsam sed quo quo sit.', 1, '2018-05-12 08:04:39', '2018-05-12 08:04:39'),
(197, 7, 'Graciela Blick V', 'Est libero modi sequi qui repellat eaque voluptates fugiat. Illo minima qui quibusdam sunt molestiae. Fuga itaque voluptate aut minima pariatur corporis. Dicta eaque quo aliquam est in ut quos.', 3, '2018-05-12 08:04:39', '2018-05-12 08:04:39'),
(198, 7, 'Estella Sauer', 'Consequatur vel illo quia odio dicta voluptatem. Quos rerum aperiam est et incidunt quas maiores quia. Dolor dolores ducimus culpa quae eaque.', 1, '2018-05-12 08:04:39', '2018-05-12 08:04:39'),
(199, 37, 'Helga Schaden Sr.', 'Reiciendis quas voluptate molestiae commodi quam quidem aut. Pariatur numquam sit perferendis aut. Ut explicabo et consequatur et id fugiat tempora expedita. Perspiciatis possimus ad illum a. Aut nulla qui debitis consequatur accusantium vel quisquam.', 3, '2018-05-12 08:04:39', '2018-05-12 08:04:39'),
(200, 31, 'Prof. Dion Romaguera', 'Id magnam animi quia autem consequatur molestiae est. Excepturi ut voluptas harum impedit ipsam est sed. Aut veritatis et aut reprehenderit. Ut natus non laborum.', 3, '2018-05-12 08:04:39', '2018-05-12 08:04:39'),
(201, 31, 'Miss Susan Wiegand MD', 'Labore et itaque itaque molestiae et. Quo totam molestias aut dolorem vitae eius. Ex doloribus nulla quo necessitatibus. Dolor vero corporis quia in rerum accusantium ea.', 1, '2018-05-12 08:04:39', '2018-05-12 08:04:39'),
(202, 2, 'Mrs. Ova Cummerata', 'Facilis deleniti recusandae culpa. Nobis quibusdam fugiat ullam. Repellendus qui voluptas labore qui.', 3, '2018-05-12 08:04:39', '2018-05-12 08:04:39'),
(203, 19, 'Reymundo Koch', 'Et deserunt ut sint nisi. Occaecati iste numquam officiis autem deserunt. Sit ullam est deserunt cupiditate.', 3, '2018-05-12 08:04:39', '2018-05-12 08:04:39'),
(204, 3, 'Aditya Dickens', 'Quis enim nihil sed et. Consequuntur iusto sit asperiores sunt autem eum. Iusto autem veniam rerum eligendi sed velit voluptas. Nostrum nobis sed incidunt in et nemo dolores.', 3, '2018-05-12 08:04:39', '2018-05-12 08:04:39'),
(205, 2, 'Milton Stroman', 'Excepturi similique sapiente non voluptatibus recusandae molestias. Expedita dolorem aut cumque recusandae impedit. Magni quos sequi qui praesentium laboriosam unde.', 3, '2018-05-12 08:04:39', '2018-05-12 08:04:39');
INSERT INTO `reviews` (`id`, `product_id`, `customer`, `review`, `star`, `created_at`, `updated_at`) VALUES
(206, 13, 'Dr. Carley Bartoletti DVM', 'Fuga sint harum porro rerum voluptatem. Repellendus eos sit numquam sint itaque consectetur. Occaecati non sed est ut eaque maiores quos eligendi. Sapiente placeat sed est.', 0, '2018-05-12 08:04:39', '2018-05-12 08:04:39'),
(207, 21, 'Liana Grimes III', 'Ipsam sunt aut beatae asperiores facere molestias. Quibusdam enim ea rerum mollitia. Porro quam culpa aspernatur ullam.', 1, '2018-05-12 08:04:40', '2018-05-12 08:04:40'),
(208, 39, 'Prof. Stevie Zieme', 'Et ut consequuntur veritatis quo. Quo reprehenderit unde necessitatibus itaque iusto ducimus animi sed. Deserunt magni fugiat voluptates laboriosam.', 1, '2018-05-12 08:04:40', '2018-05-12 08:04:40'),
(209, 49, 'Judson Breitenberg', 'Accusamus quis reprehenderit ut deleniti illum. Impedit quidem autem nobis et. Sed nemo nulla vero fuga. Et temporibus corporis necessitatibus dicta dolorum.', 5, '2018-05-12 08:04:40', '2018-05-12 08:04:40'),
(210, 38, 'Jeffry Adams', 'Deserunt veniam quae consequatur. Atque voluptate id consectetur quia debitis sequi. Ullam rerum quos et qui fugit quia ut. Odio praesentium eius exercitationem eos eveniet.', 0, '2018-05-12 08:04:40', '2018-05-12 08:04:40'),
(211, 26, 'Rosetta Hansen', 'Voluptatem hic eos et sit velit molestias. Deserunt praesentium atque voluptates quo quisquam minima. Consequatur deserunt cumque voluptatem exercitationem.', 4, '2018-05-12 08:04:40', '2018-05-12 08:04:40'),
(212, 48, 'Haven Rempel Sr.', 'Dignissimos nesciunt sed placeat omnis. Quia ipsa optio qui maiores rerum qui. Voluptas libero beatae quisquam ea iste aut.', 3, '2018-05-12 08:04:40', '2018-05-12 08:04:40'),
(213, 31, 'Virginia Turcotte', 'Ad culpa illum nihil sint. A temporibus delectus natus autem. Ut ut blanditiis hic.', 1, '2018-05-12 08:04:40', '2018-05-12 08:04:40'),
(214, 11, 'Ms. Sally Langworth I', 'Rem voluptas sequi voluptatem quas cum. Eius expedita necessitatibus ut quod soluta. Beatae voluptatem nam ducimus dolorem sint.', 0, '2018-05-12 08:04:40', '2018-05-12 08:04:40'),
(215, 35, 'Lempi Kunde', 'Maiores impedit et et aut voluptatibus non eos. Facere aut dolore delectus eius cumque in. Officia repellat voluptatem ratione voluptatibus earum fugiat.', 5, '2018-05-12 08:04:40', '2018-05-12 08:04:40'),
(216, 46, 'Dr. Camden Witting', 'Qui ipsum rerum quia dolore. Eum quae quia voluptates ullam omnis dolore eaque ea. Sit eum unde distinctio harum.', 1, '2018-05-12 08:04:40', '2018-05-12 08:04:40'),
(217, 42, 'Prof. Desmond Heidenreich', 'Rerum quam nesciunt aut necessitatibus mollitia. Rerum magni sunt facere corporis praesentium. Sed error explicabo fugiat totam non fugit. Debitis omnis voluptas debitis qui.', 4, '2018-05-12 08:04:40', '2018-05-12 08:04:40'),
(218, 23, 'Cathryn Pagac', 'Ex inventore assumenda exercitationem quae. Voluptatem saepe omnis provident fuga eius sed ad. Similique eveniet occaecati fugit distinctio reprehenderit molestiae. Est aliquid aspernatur nesciunt inventore.', 3, '2018-05-12 08:04:40', '2018-05-12 08:04:40'),
(219, 32, 'Lucinda Green III', 'Ipsa reprehenderit quaerat illum officiis. Repellat et harum deleniti.', 1, '2018-05-12 08:04:40', '2018-05-12 08:04:40'),
(220, 5, 'Prof. Neha Mann', 'Doloremque laudantium molestias qui illum vero eveniet earum. Ut nemo et qui omnis accusantium iste rerum qui.', 5, '2018-05-12 08:04:40', '2018-05-12 08:04:40'),
(221, 27, 'Jake Luettgen', 'Quasi eius esse aut quam aut voluptates occaecati. Beatae doloremque temporibus similique doloremque qui saepe saepe deserunt. Iste adipisci consectetur et aut earum nesciunt ducimus.', 4, '2018-05-12 08:04:40', '2018-05-12 08:04:40'),
(222, 35, 'Dr. Peter Metz', 'Quos quibusdam repellendus repudiandae ipsa quis a. Voluptatem facere ea et velit iusto quasi nesciunt sint. Est eum ut repellat sequi.', 1, '2018-05-12 08:04:40', '2018-05-12 08:04:40'),
(223, 38, 'Roslyn Howe', 'Itaque neque vitae ipsa eos consequatur magni at. Necessitatibus culpa a totam ex voluptas non. Hic eum laboriosam et dolorem excepturi. Vitae quis sint quaerat voluptatibus et corporis.', 2, '2018-05-12 08:04:40', '2018-05-12 08:04:40'),
(224, 20, 'Alexane Kessler', 'Doloribus natus alias sed voluptatibus reiciendis. Dolorum commodi ipsam in fugiat alias ea provident. Nesciunt quia voluptas impedit nihil.', 1, '2018-05-12 08:04:40', '2018-05-12 08:04:40'),
(225, 4, 'Howard Pfannerstill', 'Voluptatem temporibus delectus delectus explicabo animi magni possimus. Dolorem tenetur quis ea vel. Consectetur beatae eligendi corporis ducimus. Sed magnam pariatur reprehenderit et dignissimos omnis temporibus.', 3, '2018-05-12 08:04:40', '2018-05-12 08:04:40'),
(226, 8, 'Emilie Gibson', 'Maxime totam omnis dolores rem beatae rem. Est omnis laborum blanditiis suscipit molestiae. Aut aut veniam consequatur qui neque. Sequi assumenda neque iure nam.', 0, '2018-05-12 08:04:40', '2018-05-12 08:04:40'),
(227, 22, 'Alba Bernhard', 'Dolorem sunt et sunt quas quod repellat nihil. Sequi iusto autem rerum. Corporis et esse et commodi voluptate nostrum. Facere expedita consectetur aut sit consequuntur neque eum.', 0, '2018-05-12 08:04:40', '2018-05-12 08:04:40'),
(228, 48, 'Prof. Fermin Batz Sr.', 'Perferendis in ipsa id dolorem vel. Sed excepturi et dolor. Reprehenderit ut rem dolore.', 4, '2018-05-12 08:04:40', '2018-05-12 08:04:40'),
(229, 7, 'Palma Wolff', 'Ipsum consectetur ut ab. Illo cupiditate labore veritatis nobis optio molestiae voluptatem voluptas. Pariatur eum impedit enim.', 5, '2018-05-12 08:04:40', '2018-05-12 08:04:40'),
(230, 14, 'Prof. Eldon Rippin', 'Et libero ut totam dolorem explicabo. Ex sed eveniet aut autem qui ab reprehenderit.', 2, '2018-05-12 08:04:40', '2018-05-12 08:04:40'),
(231, 46, 'Dahlia O\'Reilly PhD', 'Commodi quo rerum ex provident adipisci aspernatur. Odit et vero pariatur voluptates vitae fugiat pariatur. Expedita exercitationem ut voluptatem explicabo illo porro. Veritatis doloribus tempora velit ipsa saepe in. Quaerat qui velit inventore labore.', 2, '2018-05-12 08:04:40', '2018-05-12 08:04:40'),
(232, 35, 'German Dooley IV', 'Non ab sequi vel laborum nobis qui. Ducimus aut accusantium doloribus delectus eligendi. Voluptatem ad omnis deserunt vel suscipit sequi. Cumque enim iusto vel enim.', 0, '2018-05-12 08:04:40', '2018-05-12 08:04:40'),
(233, 8, 'Reyna Pollich', 'Nam qui suscipit sed et. Fugiat possimus dignissimos et odio molestiae. Quo et fuga quod hic.', 1, '2018-05-12 08:04:40', '2018-05-12 08:04:40'),
(234, 41, 'Jarred Cassin', 'Dolor in sequi ipsum ut fugit eos rerum. Nostrum dignissimos libero eaque repudiandae est repudiandae quia. Nesciunt commodi totam qui repellendus.', 1, '2018-05-12 08:04:40', '2018-05-12 08:04:40'),
(235, 15, 'Prof. Raymundo Johns', 'Veniam libero et sunt aspernatur rerum. Mollitia officiis aspernatur perferendis ullam. Nemo quia illum nam quos quas sed iste. Natus facere velit autem voluptatum quia sed.', 2, '2018-05-12 08:04:40', '2018-05-12 08:04:40'),
(236, 38, 'Stefan Huel', 'Animi odio quis nihil ullam est nostrum. Voluptas et hic adipisci commodi esse est aut. Quae nisi eum nulla non mollitia iusto ipsam. Quis qui in illo quo repellendus.', 5, '2018-05-12 08:04:40', '2018-05-12 08:04:40'),
(237, 29, 'Santina Purdy', 'Praesentium labore delectus aliquid doloribus illo et. Vitae illum excepturi perferendis fugit qui aut eius repellendus. Eum cumque eum est sunt non accusamus.', 3, '2018-05-12 08:04:40', '2018-05-12 08:04:40'),
(238, 23, 'Henry Rosenbaum', 'Voluptatem porro corporis ut ea. Enim non est animi qui. Accusamus commodi est et ut iure vel dolor. Accusamus libero quia eius eveniet quasi porro iusto.', 3, '2018-05-12 08:04:40', '2018-05-12 08:04:40'),
(239, 23, 'Dr. Alia Eichmann II', 'Tempora neque a corrupti omnis ab blanditiis quibusdam. Impedit dicta et vel. Sint doloribus sit quia possimus qui alias nesciunt.', 5, '2018-05-12 08:04:41', '2018-05-12 08:04:41'),
(240, 11, 'Ms. Idell O\'Reilly', 'Velit ad nobis aut ipsa. Natus voluptatibus quaerat omnis aspernatur nisi qui. Aut esse consequatur qui doloremque repudiandae. Est inventore libero id maxime natus. Ab earum qui vero nobis et laboriosam fugiat.', 1, '2018-05-12 08:04:41', '2018-05-12 08:04:41'),
(241, 24, 'Dale Gibson', 'Sint minus id similique. Est alias ut quam harum sit. Consequatur qui nostrum temporibus.', 1, '2018-05-12 08:04:41', '2018-05-12 08:04:41'),
(242, 9, 'Jennings Turcotte', 'Vero sapiente dolorem id quia. Quibusdam doloribus occaecati autem. Dolor voluptates ex vitae omnis corrupti.', 2, '2018-05-12 08:04:41', '2018-05-12 08:04:41'),
(243, 28, 'Glenda Daniel V', 'Illum sint in qui tenetur minus animi. Et numquam sunt est labore. Hic iste iure ut. Eaque optio itaque ipsa assumenda repellat placeat maiores.', 4, '2018-05-12 08:04:41', '2018-05-12 08:04:41'),
(244, 21, 'Quinn Hirthe', 'Provident et dolor voluptatibus et ea possimus. Autem laboriosam quaerat quod pariatur. Ea doloribus voluptatum reprehenderit et.', 3, '2018-05-12 08:04:41', '2018-05-12 08:04:41'),
(245, 26, 'Dr. Leonard Hammes', 'Ut delectus aut repellendus quia et rerum aperiam qui. Reprehenderit aut qui occaecati. Ut rem sit ea id culpa molestiae rem. Ratione unde quis quam voluptatem.', 4, '2018-05-12 08:04:41', '2018-05-12 08:04:41'),
(246, 37, 'Ibrahim Thompson', 'Rerum maiores omnis quo nemo. Voluptatum illum aliquid id assumenda iste omnis aut. Minima numquam minus excepturi eligendi et quae reprehenderit.', 1, '2018-05-12 08:04:41', '2018-05-12 08:04:41'),
(247, 21, 'Mr. Angus Moen IV', 'Odio magni quae dolore odit dignissimos. Est dolorum sunt et. Quae vel tempora officia omnis.', 3, '2018-05-12 08:04:41', '2018-05-12 08:04:41'),
(248, 10, 'Eli Marquardt', 'Ullam est laudantium voluptas quia dolor ut quo. Voluptas accusamus temporibus libero ducimus sint. Quod eaque mollitia et quia distinctio.', 4, '2018-05-12 08:04:41', '2018-05-12 08:04:41'),
(249, 17, 'Mateo Reichert DVM', 'Vel expedita libero voluptatum ut. Qui voluptas nulla non corrupti est similique. Numquam odio soluta minima nesciunt qui qui. Repudiandae alias nulla iure.', 5, '2018-05-12 08:04:41', '2018-05-12 08:04:41'),
(250, 11, 'Krystal Schaden', 'Quas porro ut illo temporibus eveniet libero est. Temporibus sed doloremque illum a explicabo. Fugit explicabo sed maxime sint.', 2, '2018-05-12 08:04:41', '2018-05-12 08:04:41'),
(251, 27, 'Mr. Deion Fadel', 'Non commodi est quae eum voluptas explicabo similique. Ea id occaecati et quae eius quo praesentium.', 2, '2018-05-12 08:04:41', '2018-05-12 08:04:41'),
(252, 27, 'Haskell Howell', 'Ut soluta aliquam excepturi cupiditate. Dicta quaerat doloremque pariatur est nihil saepe. Voluptatem consequatur omnis vel corrupti sit dignissimos. Necessitatibus saepe quo officia ea neque.', 0, '2018-05-12 08:04:41', '2018-05-12 08:04:41'),
(253, 11, 'Bradly Douglas Jr.', 'Sunt quidem ut autem molestiae sed. Et esse et molestias labore qui accusamus est. Esse ex minus consectetur.', 4, '2018-05-12 08:04:41', '2018-05-12 08:04:41'),
(254, 49, 'Krista Beatty', 'Voluptatem non qui error. Consequatur eaque cupiditate pariatur reiciendis expedita. Expedita qui aliquam voluptate ducimus. Nam dolores consequatur magni vel inventore dolores. Voluptas excepturi necessitatibus molestias qui voluptate beatae.', 0, '2018-05-12 08:04:41', '2018-05-12 08:04:41'),
(255, 45, 'Maggie Howell', 'Maiores consequatur tenetur iure quia ab sint natus. Eos nihil ut praesentium illo fugiat. Molestiae dolores nam voluptates.', 2, '2018-05-12 08:04:41', '2018-05-12 08:04:41'),
(256, 1, 'Dr. Lourdes Wiegand', 'Voluptate saepe sed ipsam occaecati ipsam aut. Pariatur facere impedit quo voluptatem expedita non. Sint laborum eligendi dolor nihil amet placeat ea.', 5, '2018-05-12 08:04:41', '2018-05-12 08:04:41'),
(257, 28, 'Prof. Rudolph Hermann', 'Eaque vitae dignissimos harum quisquam ut dolorum perferendis. Molestiae quod ut veritatis neque illum amet. Delectus repellat non laboriosam excepturi odio.', 3, '2018-05-12 08:04:41', '2018-05-12 08:04:41'),
(258, 8, 'Demetrius Nienow', 'Unde et quia dolores dignissimos ab. Quis illo eveniet rerum iste eum eos consequuntur. Dolore excepturi esse corrupti ipsa exercitationem. Blanditiis sit quia voluptatem omnis.', 2, '2018-05-12 08:04:41', '2018-05-12 08:04:41'),
(259, 29, 'Dr. Elvie Ryan', 'Sed libero est non eius beatae. Eius ducimus libero illum quia illum. Omnis sapiente iusto sint qui voluptas.', 4, '2018-05-12 08:04:41', '2018-05-12 08:04:41'),
(260, 36, 'Dr. Fabian Stehr', 'Maxime ea fugit voluptate alias. Sit quia molestiae sint dolore maxime eius. Aut facere quo eos consequatur vel odio fugiat. Unde quos aut reprehenderit ut deleniti et facilis.', 0, '2018-05-12 08:04:41', '2018-05-12 08:04:41'),
(261, 2, 'Lenore Hartmann', 'Magni et tenetur asperiores aliquam dolorum nam. Cupiditate et voluptatem quia nobis dicta ut necessitatibus. Earum totam cupiditate aut asperiores ut.', 3, '2018-05-12 08:04:41', '2018-05-12 08:04:41'),
(262, 18, 'Austin Cummings I', 'Praesentium magni officiis officia dolorum. Dignissimos earum quia facilis blanditiis accusantium. Aspernatur voluptatem ipsum adipisci quia.', 2, '2018-05-12 08:04:41', '2018-05-12 08:04:41'),
(263, 32, 'Irwin Gorczany PhD', 'Nisi quasi qui explicabo omnis et itaque. Neque assumenda reiciendis autem dicta quos dolor autem. Ipsum non beatae ullam tempora quo.', 0, '2018-05-12 08:04:41', '2018-05-12 08:04:41'),
(264, 35, 'Connie Gusikowski', 'Qui sunt est perspiciatis et et consequuntur aliquid. Voluptas odio quia animi omnis ipsum porro qui perferendis. Fuga corrupti omnis qui. Commodi aut quos aspernatur ut libero corporis veritatis.', 2, '2018-05-12 08:04:41', '2018-05-12 08:04:41'),
(265, 18, 'Shayne Bernhard', 'Non a ex sit dicta. Illum natus ut optio et esse. Nam et voluptates qui sed quas enim tempore. Earum et atque et a optio.', 4, '2018-05-12 08:04:41', '2018-05-12 08:04:41'),
(266, 16, 'Seth Hessel', 'Non itaque aut ea est qui. Eaque nostrum molestiae necessitatibus tempore iure labore ipsa. Minima ratione assumenda eum quisquam sed.', 2, '2018-05-12 08:04:41', '2018-05-12 08:04:41'),
(267, 43, 'Asa Kovacek', 'Dolores aspernatur est autem ea reiciendis occaecati iste. Rerum modi consequuntur omnis officia.', 4, '2018-05-12 08:04:41', '2018-05-12 08:04:41'),
(268, 17, 'Carmen Aufderhar', 'Quia quia inventore tempore iure voluptas libero. Nihil nihil ut dolores nemo ab. Nisi repudiandae neque aliquid saepe sequi. Commodi incidunt et a officia et eos.', 4, '2018-05-12 08:04:42', '2018-05-12 08:04:42'),
(269, 48, 'Prof. Bulah Funk', 'Numquam perferendis voluptas quos quia. Velit voluptates sit provident. Magnam cumque non ut. Magnam tempore sed molestiae laboriosam molestiae expedita.', 2, '2018-05-12 08:04:42', '2018-05-12 08:04:42'),
(270, 2, 'Precious Gaylord', 'Sit vitae earum laborum alias. Ipsum aliquam molestias harum expedita. Quia ut rerum velit sit recusandae.', 0, '2018-05-12 08:04:42', '2018-05-12 08:04:42'),
(271, 9, 'Jamie Huel', 'Sequi sequi blanditiis minus. Qui optio illum est ea architecto. Incidunt et minus sapiente et. Quam aliquid voluptatem accusantium odit.', 2, '2018-05-12 08:04:42', '2018-05-12 08:04:42'),
(272, 11, 'Mrs. Adelia Will I', 'Sunt occaecati velit molestiae vero reiciendis. A eum est qui sit quo velit et provident. A recusandae cum velit id.', 1, '2018-05-12 08:04:42', '2018-05-12 08:04:42'),
(273, 23, 'Johnathan Gorczany III', 'Eaque quo neque nisi optio et culpa in. Id magnam voluptates voluptas autem assumenda autem. Et dicta consequatur vitae reiciendis. Eveniet et vitae blanditiis qui non eius.', 3, '2018-05-12 08:04:42', '2018-05-12 08:04:42'),
(274, 12, 'Prof. Alvena Powlowski II', 'Odio voluptas ut illum sunt unde eum aut. Voluptatem asperiores rerum vel rerum omnis aut. Est veritatis dicta quam ipsam mollitia consequatur eaque.', 0, '2018-05-12 08:04:42', '2018-05-12 08:04:42'),
(275, 4, 'Rory Kautzer', 'Ut quia repellat provident et harum est facere. Qui totam aut in quia id. Eos eveniet harum a adipisci optio.', 4, '2018-05-12 08:04:42', '2018-05-12 08:04:42'),
(276, 38, 'Elissa Dickinson', 'Cumque impedit est sapiente provident aspernatur repellat. Voluptatem quae est sequi corporis sit vitae dolore. Reprehenderit porro blanditiis et beatae. Ipsum explicabo facilis nostrum. Est aut voluptatem rem quod.', 0, '2018-05-12 08:04:42', '2018-05-12 08:04:42'),
(277, 44, 'Scarlett Rohan', 'Reiciendis sequi aut sunt non repudiandae. Illum omnis unde sed quia quia labore. Numquam aspernatur quis ex aut.', 2, '2018-05-12 08:04:42', '2018-05-12 08:04:42'),
(278, 3, 'Rollin Kiehn', 'Qui porro sit cum modi tempora et. Rerum consequatur aut dolorem incidunt consequatur. Natus consequatur quidem sed beatae error quo ea. Recusandae facilis nostrum debitis mollitia temporibus et.', 2, '2018-05-12 08:04:42', '2018-05-12 08:04:42'),
(279, 4, 'Grayson Parker I', 'Repudiandae ullam omnis iste aperiam dolores et nostrum. Neque temporibus id ratione quod odio dolorem debitis occaecati. Deserunt cumque similique sunt. Consequatur id minus fuga odit ut ex.', 4, '2018-05-12 08:04:42', '2018-05-12 08:04:42'),
(280, 47, 'Rhett Koss', 'Et fuga incidunt quo sit inventore fugit. Est error officiis voluptatem. Voluptatem doloremque amet quam voluptate ex sed esse qui. Earum officia omnis aliquam dolorem harum ea.', 5, '2018-05-12 08:04:42', '2018-05-12 08:04:42'),
(281, 21, 'Jeanette Cruickshank', 'Quisquam illo totam consequuntur hic. Ipsum dolore nemo nihil id tempore iure.', 2, '2018-05-12 08:04:42', '2018-05-12 08:04:42'),
(282, 3, 'Janick Johns II', 'Non vero veritatis commodi voluptatibus ut. Architecto dolor qui doloribus deserunt accusamus voluptas et et. Nam nam veritatis ipsa optio voluptatem esse. Molestiae porro voluptates quia doloremque numquam quo nihil.', 4, '2018-05-12 08:04:42', '2018-05-12 08:04:42'),
(283, 30, 'Jarrett Mosciski', 'Molestias aut quas asperiores dolorem ducimus repellat et. Eum vero ratione dolor.', 4, '2018-05-12 08:04:42', '2018-05-12 08:04:42'),
(284, 21, 'Elvera Yost', 'Voluptas excepturi quasi aut enim dolores ut necessitatibus. Quia ut ut culpa aut non sint.', 3, '2018-05-12 08:04:42', '2018-05-12 08:04:42'),
(285, 16, 'Britney Littel', 'In et rerum voluptate vel illum qui. Pariatur asperiores ad sequi nulla quia. Sunt ut delectus ut expedita.', 1, '2018-05-12 08:04:42', '2018-05-12 08:04:42'),
(286, 39, 'Jeremy Mohr', 'Ipsa pariatur vero minus amet eligendi. Molestias iusto nihil reprehenderit officia. Magnam maxime id sunt exercitationem ut inventore.', 3, '2018-05-12 08:04:42', '2018-05-12 08:04:42'),
(287, 22, 'Deja Sawayn', 'Quam eaque libero aut similique. Libero aut qui possimus debitis culpa. Labore voluptatem omnis sed quaerat doloribus cupiditate.', 5, '2018-05-12 08:04:42', '2018-05-12 08:04:42'),
(288, 39, 'Enos McDermott', 'Consequuntur a architecto ipsa quam natus id perferendis ad. Iusto velit voluptatem voluptatem et numquam. Asperiores delectus ab impedit nihil laudantium. Et quia mollitia sunt eligendi.', 0, '2018-05-12 08:04:42', '2018-05-12 08:04:42'),
(289, 13, 'Prof. Brad Hilpert', 'Delectus eum ea at minima enim dicta tempore. Sunt dolor in provident laborum eligendi. Animi ad quaerat natus aut eos ut consequatur. Ut quidem placeat ipsam ratione et eos ut.', 0, '2018-05-12 08:04:42', '2018-05-12 08:04:42'),
(290, 40, 'Mr. Jean Abshire', 'Ab velit eum fuga nihil. Qui libero aspernatur nihil dicta ut unde. Dolore eaque et incidunt voluptatem sunt et aliquam.', 4, '2018-05-12 08:04:42', '2018-05-12 08:04:42'),
(291, 12, 'Bret Schulist', 'Distinctio atque repudiandae tenetur. Repellat voluptas doloremque ad enim sed ad sunt. Incidunt culpa enim ut dolorem sed.', 5, '2018-05-12 08:04:42', '2018-05-12 08:04:42'),
(292, 32, 'Tabitha Schroeder MD', 'Labore et qui fugiat quia omnis. Dolor voluptas et ea magnam ad quia. Architecto omnis nihil quos repellat qui blanditiis corrupti voluptatem.', 4, '2018-05-12 08:04:42', '2018-05-12 08:04:42'),
(293, 32, 'Hailie Bernhard', 'Quae rerum repellendus adipisci earum incidunt. Ea et dicta voluptas ea velit eius occaecati. Enim rerum itaque nesciunt quia quam corrupti vero. Iure nisi autem eius esse alias quos.', 4, '2018-05-12 08:04:42', '2018-05-12 08:04:42'),
(294, 47, 'Dr. Rahsaan Herzog MD', 'Molestiae provident explicabo reprehenderit minus magnam iste vel. Ut et magni quo est et. Voluptatum facilis quibusdam omnis voluptatem molestiae ea praesentium asperiores.', 4, '2018-05-12 08:04:42', '2018-05-12 08:04:42'),
(295, 32, 'Sigurd Ward', 'Aut aut earum quia vero ratione. Doloremque pariatur quia non doloremque dicta est. Expedita rem corporis autem numquam voluptas esse a et. Velit aut non temporibus at et blanditiis laboriosam.', 1, '2018-05-12 08:04:42', '2018-05-12 08:04:42'),
(296, 34, 'Bridgette Lebsack', 'Et accusantium libero eos dignissimos nisi aut. Dolore et consequatur laborum. Aut cumque labore explicabo eaque. Repellendus illum repellat facere.', 2, '2018-05-12 08:04:42', '2018-05-12 08:04:42'),
(297, 27, 'Arvilla Bauch', 'Et repellendus quas aliquam qui aliquam. Quis odio tempora quos illum non perspiciatis deserunt laborum. Sunt fugit ratione expedita esse. Ratione qui harum eum ut incidunt eos eum.', 4, '2018-05-12 08:04:42', '2018-05-12 08:04:42'),
(298, 35, 'Chelsie Wilkinson', 'Qui ea earum qui. Quidem explicabo odit veritatis culpa error blanditiis. Qui velit iure id odit accusantium facere et.', 4, '2018-05-12 08:04:43', '2018-05-12 08:04:43'),
(299, 5, 'Raina Emard', 'Nisi mollitia soluta harum deserunt est. Et consequatur adipisci aliquam eos voluptate accusantium magnam. Voluptas aperiam ad molestias occaecati quos cum. Magnam unde expedita dolorum quo voluptatem. Odit provident quod deserunt dignissimos distinctio voluptatem id.', 2, '2018-05-12 08:04:43', '2018-05-12 08:04:43'),
(300, 4, 'Dr. Liam Leuschke PhD', 'Dicta incidunt neque aliquid consectetur optio voluptatem ipsam et. Exercitationem vero aut odio non officia ut. Neque adipisci qui quia quia repudiandae quo.', 1, '2018-05-12 08:04:43', '2018-05-12 08:04:43');

-- --------------------------------------------------------

--
-- Table structure for table `users`
--

CREATE TABLE `users` (
  `id` int(10) UNSIGNED NOT NULL,
  `name` varchar(191) COLLATE utf8mb4_unicode_ci NOT NULL,
  `email` varchar(191) COLLATE utf8mb4_unicode_ci NOT NULL,
  `password` varchar(191) COLLATE utf8mb4_unicode_ci NOT NULL,
  `remember_token` varchar(100) COLLATE utf8mb4_unicode_ci DEFAULT NULL,
  `created_at` timestamp NULL DEFAULT NULL,
  `updated_at` timestamp NULL DEFAULT NULL
) ENGINE=InnoDB DEFAULT CHARSET=utf8mb4 COLLATE=utf8mb4_unicode_ci;

--
-- Indexes for dumped tables
--

--
-- Indexes for table `migrations`
--
ALTER TABLE `migrations`
  ADD PRIMARY KEY (`id`);

--
-- Indexes for table `password_resets`
--
ALTER TABLE `password_resets`
  ADD KEY `password_resets_email_index` (`email`);

--
-- Indexes for table `products`
--
ALTER TABLE `products`
  ADD PRIMARY KEY (`id`);

--
-- Indexes for table `reviews`
--
ALTER TABLE `reviews`
  ADD PRIMARY KEY (`id`),
  ADD KEY `reviews_product_id_index` (`product_id`);

--
-- Indexes for table `users`
--
ALTER TABLE `users`
  ADD PRIMARY KEY (`id`),
  ADD UNIQUE KEY `users_email_unique` (`email`);

--
-- AUTO_INCREMENT for dumped tables
--

--
-- AUTO_INCREMENT for table `migrations`
--
ALTER TABLE `migrations`
  MODIFY `id` int(10) UNSIGNED NOT NULL AUTO_INCREMENT, AUTO_INCREMENT=5;

--
-- AUTO_INCREMENT for table `products`
--
ALTER TABLE `products`
  MODIFY `id` int(10) UNSIGNED NOT NULL AUTO_INCREMENT, AUTO_INCREMENT=51;

--
-- AUTO_INCREMENT for table `reviews`
--
ALTER TABLE `reviews`
  MODIFY `id` int(10) UNSIGNED NOT NULL AUTO_INCREMENT, AUTO_INCREMENT=301;

--
-- AUTO_INCREMENT for table `users`
--
ALTER TABLE `users`
  MODIFY `id` int(10) UNSIGNED NOT NULL AUTO_INCREMENT;

--
-- Constraints for dumped tables
--

--
-- Constraints for table `reviews`
--
ALTER TABLE `reviews`
  ADD CONSTRAINT `reviews_product_id_foreign` FOREIGN KEY (`product_id`) REFERENCES `products` (`id`) ON DELETE CASCADE;
COMMIT;

/*!40101 SET CHARACTER_SET_CLIENT=@OLD_CHARACTER_SET_CLIENT */;
/*!40101 SET CHARACTER_SET_RESULTS=@OLD_CHARACTER_SET_RESULTS */;
/*!40101 SET COLLATION_CONNECTION=@OLD_COLLATION_CONNECTION */;
